experiment_id,timestamp_utc,actual_rps,predicted_rps,replicas,ready_replicas,cpu_millicores,memory_bytes,prometheus_sample_present,scrape_gap
18c3ce8c,1790007046.0,0.0,0.0,1.0,1.0,47.61904761904762,,True,False
18c3ce8c,1790007048.0,0.0,0.0,1.0,1.0,44.44444444444444,,True,False
18c3ce8c,1790007050.0,0.0,0.0,1.0,1.0,44.44444444444444,,True,False
18c3ce8c,1790007052.0,0.0,0.0,1.0,1.0,70.58823529411765,,True,False
18c3ce8c,1790007054.0,0.0,0.0,1.0,1.0,70.58823529411765,,True,False
18c3ce8c,1790007056.0,0.0,0.0,1.0,1.0,70.58823529411765,,True,False
18c3ce8c,1790007058.0,0.6182380216383309,0.0,1.0,1.0,70.96774193548387,,True,False
18c3ce8c,1790007060.0,0.6182380216383309,0.0,1.0,1.0,70.96774193548387,,True,False
18c3ce8c,1790007062.0,1.9820344037531368,0.0,1.0,1.0,188.0,,True,False
18c3ce8c,1790007064.0,1.9820344037531368,0.3,1.0,1.0,188.0,,True,False
18c3ce8c,1790007066.0,1.9820344037531368,0.3,1.0,1.0,188.0,,True,False
18c3ce8c,1790007068.0,3.3457587053368494,0.3,1.0,1.0,146.0,,True,False
18c3ce8c,1790007070.0,3.3457587053368494,0.3,1.0,1.0,146.0,,True,False
18c3ce8c,1790007072.0,4.709519047186108,0.3,1.0,1.0,148.0,,True,False
18c3ce8c,1790007074.0,4.709519047186108,0.3,1.0,1.0,148.0,,True,False
18c3ce8c,1790007076.0,4.709519047186108,0.3,1.0,1.0,148.0,,True,False
18c3ce8c,1790007078.0,6.073279389035367,0.3,1.0,1.0,150.0,,True,False
18c3ce8c,1790007080.0,6.073279389035367,0.3,1.0,1.0,150.0,,True,False
18c3ce8c,1790007082.0,7.437039730884625,0.3,1.0,1.0,134.0,,True,False
18c3ce8c,1790007084.0,7.437039730884625,0.3,1.0,1.0,134.0,,True,False
18c3ce8c,1790007086.0,7.437039730884625,0.3,1.0,1.0,134.0,,True,False
18c3ce8c,1790007088.0,8.800800072733884,0.3,1.0,1.0,164.00000000000003,,True,False
18c3ce8c,1790007090.0,8.800800072733884,0.3,1.0,1.0,164.00000000000003,,True,False
18c3ce8c,1790007092.0,10.164745244935812,0.3,1.0,1.0,166.0,,True,False
18c3ce8c,1790007094.0,10.164745244935812,11.53,1.0,1.0,166.0,,True,False
18c3ce8c,1790007096.0,10.164745244935812,11.53,1.0,1.0,166.0,,True,False
18c3ce8c,1790007098.0,11.528320756432402,11.53,1.0,1.0,94.0,,True,False
18c3ce8c,1790007100.0,11.528320756432402,11.53,1.0,1.0,94.0,,True,False
18c3ce8c,1790007102.0,12.910156961287738,11.53,1.0,1.0,144.0,,True,False
18c3ce8c,1790007104.0,12.910156961287738,11.53,1.0,1.0,144.0,,True,False
18c3ce8c,1790007106.0,12.910156961287738,11.53,1.0,1.0,144.0,,True,False
18c3ce8c,1790007108.0,14.25610066552715,11.53,1.0,1.0,142.0,,True,False
18c3ce8c,1790007110.0,14.25610066552715,11.53,1.0,1.0,142.0,,True,False
18c3ce8c,1790007112.0,15.001363760341848,11.53,1.0,1.0,112.00000000000001,,True,False
18c3ce8c,1790007114.0,15.001363760341848,11.53,1.0,1.0,112.00000000000001,,True,False
18c3ce8c,1790007116.0,15.001363760341848,11.53,1.0,1.0,112.00000000000001,,True,False
18c3ce8c,1790007118.0,15.638069607593557,11.53,1.0,1.0,166.0,,True,False
18c3ce8c,1790007120.0,15.638069607593557,11.53,1.0,1.0,166.0,,True,False
18c3ce8c,1790007122.0,21.309478354151896,11.53,1.0,1.0,478.1818181818182,,True,False
18c3ce8c,1790007124.0,21.309478354151896,11.53,1.0,1.0,478.1818181818182,,True,False
18c3ce8c,1790007126.0,21.309478354151896,11.53,1.0,1.0,478.1818181818182,,True,False
18c3ce8c,1790007128.0,20.54832669973466,20.44,1.0,1.0,,,True,False
18c3ce8c,1790007130.0,19.816964111897807,20.44,1.0,1.0,,,True,False
18c3ce8c,1790007132.0,19.755220542424162,20.44,1.0,1.0,,,True,False
18c3ce8c,1790007134.0,18.99820032805855,20.44,1.0,1.0,,,True,False
18c3ce8c,1790007136.0,18.241180113692945,20.44,1.0,1.0,,,True,False
18c3ce8c,1790007138.0,18.22616234073315,20.44,1.0,1.0,,,True,False
18c3ce8c,1790007140.0,17.43701540273993,20.44,1.0,1.0,,,True,False
18c3ce8c,1790007142.0,17.519254824011835,20.44,1.0,1.0,,,True,False
18c3ce8c,1790007144.0,16.688802360748877,20.44,1.0,1.0,,,True,False
18c3ce8c,1790007146.0,15.858349897485924,20.44,1.0,1.0,,,True,False
18c3ce8c,1790007148.0,16.024516080945453,20.44,1.0,1.0,,,True,False
18c3ce8c,1790007150.0,15.138990042924496,20.44,1.0,1.0,,,True,False
18c3ce8c,1790007152.0,15.49451101955922,20.44,1.0,1.0,,,True,False
18c3ce8c,1790007154.0,14.531882858019012,20.44,1.0,1.0,,,True,False
18c3ce8c,1790007156.0,13.569254696478806,20.44,1.0,1.0,,,True,False
18c3ce8c,1790007158.0,14.121214668433247,,1.0,1.0,,,True,False
18c3ce8c,1790007160.0,13.04293524907088,,1.0,1.0,,,True,False
18c3ce8c,1790007162.0,14.100912349299447,,0.0,0.0,,,True,False
18c3ce8c,1790007164.0,12.830140110785273,,0.0,0.0,,,True,False
18c3ce8c,1790007166.0,11.559367872271098,,0.0,0.0,,,True,False
3d4292f4,1790054067.0,19.747967923190224,19.63,2.0,2.0,157.64705882352942,,True,False
3d4292f4,1790054069.0,22.01938287542957,19.63,2.0,2.0,182.85714285714283,,True,False
3d4292f4,1790054071.0,22.01938287542957,19.63,2.0,2.0,142.85714285714283,,True,False
3d4292f4,1790054073.0,24.511764919809437,19.63,2.0,2.0,235.2941176470588,,True,False
3d4292f4,1790054075.0,24.511764919809437,19.63,2.0,2.0,235.2941176470588,,True,False
3d4292f4,1790054077.0,24.511764919809437,19.63,2.0,2.0,235.2941176470588,,True,False
3d4292f4,1790054079.0,27.239830523884862,19.11,1.0,1.0,181.63265306122452,,True,False
3d4292f4,1790054081.0,27.239830523884862,19.11,1.0,1.0,181.63265306122452,,True,False
3d4292f4,1790054083.0,29.84016147509683,19.11,1.0,1.0,146.0,,True,False
3d4292f4,1790054085.0,29.84016147509683,19.11,1.0,1.0,146.0,,True,False
3d4292f4,1790054087.0,29.84016147509683,19.11,1.0,1.0,146.0,,True,False
3d4292f4,1790054089.0,31.439793432010767,19.11,1.0,1.0,194.00000000000003,,True,False
3d4292f4,1790054091.0,31.439793432010767,19.11,1.0,1.0,194.00000000000003,,True,False
3d4292f4,1790054093.0,32.040441510737736,19.11,1.0,1.0,188.0,,True,False
3d4292f4,1790054095.0,32.040441510737736,19.11,1.0,1.0,188.0,,True,False
3d4292f4,1790054097.0,32.040441510737736,19.11,1.0,1.0,188.0,,True,False
43d5d414,1790053822.0,0.0,0.0,1.0,1.0,11.11111111111111,,True,False
43d5d414,1790053824.0,0.0,0.0,1.0,1.0,5.0,,True,False
43d5d414,1790053826.0,0.0,0.0,1.0,1.0,5.0,,True,False
43d5d414,1790053828.0,0.2181897523546311,0.0,1.0,1.0,38.70967741935484,,True,False
43d5d414,1790053830.0,0.2181897523546311,0.0,1.0,1.0,38.70967741935484,,True,False
43d5d414,1790053832.0,0.2181897523546311,0.0,1.0,1.0,38.70967741935484,,True,False
43d5d414,1790053834.0,0.6727884353123013,0.0,1.0,1.0,73.46938775510205,,True,False
43d5d414,1790053836.0,0.6727884353123013,0.0,1.0,1.0,73.46938775510205,,True,False
43d5d414,1790053838.0,1.127375215928721,0.08,1.0,1.0,25.49019607843137,,True,False
43d5d414,1790053840.0,1.127375215928721,0.08,1.0,1.0,25.49019607843137,,True,False
43d5d414,1790053842.0,1.127375215928721,0.08,1.0,1.0,25.49019607843137,,True,False
43d5d414,1790053844.0,1.5819619965451406,0.08,1.0,1.0,22.448979591836732,,True,False
43d5d414,1790053846.0,1.5819619965451406,0.08,1.0,1.0,22.448979591836732,,True,False
43d5d414,1790053848.0,2.0365487771615602,0.08,1.0,1.0,20.0,,True,False
43d5d414,1790053850.0,2.0365487771615602,0.08,1.0,1.0,20.0,,True,False
43d5d414,1790053852.0,2.0365487771615602,0.08,1.0,1.0,20.0,,True,False
56f52201,1790011161.0,0.0,0.0,1.0,1.0,18.18181818181818,,True,False
56f52201,1790011163.0,0.0,0.0,1.0,1.0,86.95652173913044,,True,False
56f52201,1790011165.0,0.0,0.0,1.0,1.0,86.95652173913044,,True,False
56f52201,1790011167.0,0.0,0.0,1.0,1.0,25.0,,True,False
56f52201,1790011169.0,0.0,0.0,1.0,1.0,25.0,,True,False
56f52201,1790011171.0,0.0,0.0,1.0,1.0,25.0,,True,False
56f52201,1790011173.0,0.1454783510028914,0.0,1.0,1.0,46.66666666666667,,True,False
56f52201,1790011175.0,0.1454783510028914,0.0,1.0,1.0,46.66666666666667,,True,False
56f52201,1790011177.0,0.6910096013965668,0.0,1.0,1.0,90.0,,True,False
56f52201,1790011179.0,0.6910096013965668,0.0,1.0,1.0,90.0,,True,False
56f52201,1790011181.0,0.6910096013965668,0.0,1.0,1.0,90.0,,True,False
56f52201,1790011183.0,1.2346799818429413,0.07,1.0,1.0,121.56862745098039,,True,False
56f52201,1790011185.0,1.2346799818429413,0.07,1.0,1.0,121.56862745098039,,True,False
56f52201,1790011187.0,1.761170724621893,0.07,1.0,1.0,80.0,,True,False
56f52201,1790011189.0,1.761170724621893,0.07,1.0,1.0,80.0,,True,False
56f52201,1790011191.0,1.761170724621893,0.07,1.0,1.0,80.0,,True,False
56f52201,1790011193.0,2.3276112889147513,0.07,1.0,1.0,108.16326530612245,,True,False
56f52201,1790011195.0,2.3276112889147513,0.07,1.0,1.0,108.16326530612245,,True,False
56f52201,1790011197.0,2.8508134805345726,0.07,1.0,1.0,125.49019607843137,,True,False
56f52201,1790011199.0,2.8508134805345726,0.07,1.0,1.0,125.49019607843137,,True,False
56f52201,1790011201.0,2.8508134805345726,0.07,1.0,1.0,125.49019607843137,,True,False
56f52201,1790011203.0,3.418679080593541,0.07,1.0,1.0,89.79591836734693,,True,False
56f52201,1790011205.0,3.418679080593541,0.07,1.0,1.0,89.79591836734693,,True,False
56f52201,1790011207.0,3.9642129764329357,0.07,1.0,1.0,46.0,,True,False
56f52201,1790011209.0,3.9642129764329357,0.07,1.0,1.0,46.0,,True,False
56f52201,1790011211.0,3.9642129764329357,0.07,1.0,1.0,46.0,,True,False
56f52201,1790011213.0,4.509500863714883,1.35,1.0,1.0,98.0,,True,False
56f52201,1790011215.0,4.509500863714883,1.35,1.0,1.0,98.0,,True,False
56f52201,1790011217.0,5.055372697350475,1.35,1.0,1.0,85.71428571428571,,True,False
56f52201,1790011219.0,5.055372697350475,1.35,1.0,1.0,85.71428571428571,,True,False
56f52201,1790011221.0,5.055372697350475,1.35,1.0,1.0,85.71428571428571,,True,False
56f52201,1790011223.0,5.601018366975813,1.35,1.0,1.0,102.0,,True,False
56f52201,1790011225.0,5.601018366975813,1.35,1.0,1.0,102.0,,True,False
56f52201,1790011227.0,6.00076373356609,1.35,1.0,1.0,131.37254901960785,,True,False
56f52201,1790011229.0,6.00076373356609,1.35,1.0,1.0,131.37254901960785,,True,False
56f52201,1790011231.0,6.00076373356609,1.35,1.0,1.0,131.37254901960785,,True,False
56f52201,1790011233.0,6.091795170206575,1.35,1.0,1.0,142.85714285714283,,True,False
56f52201,1790011235.0,6.091795170206575,1.35,1.0,1.0,142.85714285714283,,True,False
56f52201,1790011237.0,8.122086247086248,1.35,1.0,1.0,432.7586206896552,,True,False
56f52201,1790011239.0,8.122086247086248,1.35,1.0,1.0,432.7586206896552,,True,False
56f52201,1790011241.0,8.122086247086248,1.35,1.0,1.0,432.7586206896552,,True,False
56f52201,1790011243.0,7.7426843317972365,4.07,1.0,1.0,496.29629629629625,,True,False
56f52201,1790011245.0,7.464183029453015,4.07,1.0,1.0,496.29629629629625,,True,False
56f52201,1790011247.0,7.378669769892129,4.07,1.0,1.0,496.29629629629625,,True,False
56f52201,1790011249.0,7.0927120708885365,4.07,1.0,1.0,469.23076923076917,,True,False
56f52201,1790011251.0,6.806754371884942,4.07,1.0,1.0,469.23076923076917,,True,False
56f52201,1790011253.0,6.7976961198797445,4.07,1.0,1.0,469.23076923076917,,True,False
56f52201,1790011255.0,6.499562586120505,4.07,1.0,1.0,,,True,False
56f52201,1790011257.0,6.459858823369326,4.07,1.0,1.0,,,True,False
56f52201,1790011259.0,6.149338272814484,4.07,1.0,1.0,,,True,False
56f52201,1790011261.0,5.838817722259643,4.07,1.0,1.0,,,True,False
56f52201,1790011263.0,5.856280861625085,4.07,1.0,1.0,,,True,False
56f52201,1790011265.0,5.527337148784056,4.07,1.0,1.0,,,True,False
56f52201,1790011267.0,5.606007201440287,4.07,1.0,1.0,,,True,False
56f52201,1790011269.0,5.251269587250783,4.07,1.0,1.0,,,True,False
56f52201,1790011271.0,4.896531973061279,4.07,1.0,1.0,,,True,False
56f52201,1790011273.0,5.036043333333333,4.07,1.0,1.0,,,True,False
56f52201,1790011275.0,4.64271,4.07,1.0,1.0,,,True,False
56f52201,1790011277.0,4.945602222222222,4.07,1.0,1.0,,,True,False
56f52201,1790011279.0,4.487824444444445,6.73,1.0,1.0,,,True,False
56f52201,1790011281.0,4.030046666666666,6.73,1.0,1.0,,,True,False
56f52201,1790011283.0,4.578822431152897,6.73,1.0,1.0,,,True,False
56f52201,1790011285.0,3.992038407681536,6.73,1.0,1.0,,,True,False
56f52201,1790011287.0,5.456146229245849,6.73,1.0,1.0,,,True,False
56f52201,1790011289.0,4.515958191638327,6.73,1.0,1.0,,,True,False
56f52201,1790011291.0,3.575770154030806,6.73,1.0,1.0,,,True,False
56f52201,1790011307.0,8.719695605787825,6.73,1.0,1.0,,,True,False
56f52201,1790011309.0,9.816581649663268,6.73,1.0,1.0,,,True,False
56f52201,1790011311.0,10.91346769353871,6.73,1.0,1.0,,,True,False
56f52201,1790011313.0,12.01035373741415,6.73,1.0,1.0,,,True,False
56f52201,1790011315.0,13.107239781289593,6.73,0.0,0.0,,,True,False
56f52201,1790011317.0,14.204125825165033,6.73,0.0,0.0,,,True,False
56f52201,1790011319.0,10.966666666666667,6.73,0.0,0.0,,,True,False
56f52201,1790011321.0,10.966666666666667,6.73,0.0,0.0,,,True,False
56f52201,1790011323.0,10.966666666666667,6.73,0.0,0.0,,,True,False
56f52201,1790011325.0,10.966666666666667,6.73,0.0,0.0,,,True,False
56f52201,1790011327.0,10.966666666666667,8.85,0.0,0.0,,,True,False
56f52201,1790011329.0,10.966666666666667,8.85,0.0,0.0,,,True,False
56f52201,1790011331.0,10.966666666666667,8.85,0.0,0.0,,,True,False
56f52201,1790011333.0,10.966666666666667,8.85,0.0,0.0,,,True,False
56f52201,1790011335.0,10.966666666666667,8.85,0.0,0.0,,,True,False
56f52201,1790011337.0,10.966666666666667,8.85,0.0,0.0,,,True,False
56f52201,1790011339.0,10.966666666666667,8.85,0.0,0.0,,,True,False
56f52201,1790011341.0,10.966666666666667,8.85,0.0,0.0,,,True,False
56f52201,,,8.85,0.0,0.0,,,False,False
56f52201,,,8.85,0.0,0.0,,,False,False
56f52201,,,8.85,0.0,0.0,,,False,False
56f52201,,,8.85,0.0,0.0,,,False,False
56f52201,,,8.85,0.0,0.0,,,False,False
56f52201,,,,0.0,0.0,,,False,False
56f52201,,,,0.0,0.0,,,False,False
7de2fa7d,1790050304.0,0.8739247849569916,10.0,1.0,1.0,25.0,,True,False
7de2fa7d,1790050306.0,1.0739647929585918,10.0,1.0,1.0,15.0,,True,False
7de2fa7d,1790050308.0,1.2738,10.0,1.0,1.0,15.0,,True,False
7de2fa7d,1790050310.0,1.4738,10.0,1.0,1.0,110.52631578947368,,True,False
7de2fa7d,1790050312.0,1.6738,10.0,1.0,1.0,110.52631578947368,,True,False
7de2fa7d,1790050314.0,1.8738,10.0,1.0,1.0,110.52631578947368,,True,False
7de2fa7d,1790050316.0,2.0738000000000003,10.0,1.0,1.0,65.3061224489796,,True,False
7de2fa7d,1790050318.0,2.2738,10.0,1.0,1.0,65.3061224489796,,True,False
7de2fa7d,1790050320.0,2.4737999999999998,10.0,1.0,1.0,66.66666666666667,,True,False
7de2fa7d,1790050322.0,2.6738,10.0,1.0,1.0,66.66666666666667,,True,False
7de2fa7d,1790050324.0,2.8741148937872545,10.0,1.0,1.0,66.66666666666667,,True,False
7de2fa7d,1790050326.0,3.0741388966676,10.0,1.0,1.0,79.59183673469387,,True,False
7de2fa7d,1790050328.0,3.274102410241024,10.0,1.0,1.0,79.59183673469387,,True,False
7de2fa7d,1790050330.0,3.4741224122412238,10.0,1.0,1.0,64.0,,True,False
7de2fa7d,1790050332.0,3.6741424142414245,10.0,1.0,1.0,64.0,,True,False
7de2fa7d,1790050334.0,3.874007086119207,10.0,1.0,1.0,64.0,,True,False
7de2fa7d,1790050336.0,4.0740185153437345,10.0,1.0,1.0,62.0,,True,False
7de2fa7d,1790050338.0,4.274001200060003,10.0,1.0,1.0,62.0,,True,False
7de2fa7d,1790050340.0,4.474011200560028,10.0,1.0,1.0,103.92156862745098,,True,False
7de2fa7d,1790050342.0,4.674021201060054,10.0,1.0,1.0,103.92156862745098,,True,False
7de2fa7d,1790050344.0,4.874005511356061,10.0,1.0,1.0,103.92156862745098,,True,False
7de2fa7d,1790050346.0,5.074014400640029,10.0,1.0,1.0,62.0,,True,False
7de2fa7d,1790050348.0,5.274101446086765,10.0,1.0,1.0,62.0,,True,False
7de2fa7d,1790050350.0,5.4741134468068084,10.0,1.0,1.0,68.0,,True,False
7de2fa7d,1790050352.0,5.674125447526852,10.0,1.0,1.0,68.0,,True,False
7de2fa7d,1790050354.0,5.974311301027366,10.0,1.0,1.0,68.0,,True,False
7de2fa7d,1790050356.0,6.00054550413674,10.0,1.0,1.0,76.0,,True,False
7de2fa7d,1790050358.0,6.6186631755036744,10.0,1.0,1.0,76.0,,True,False
7de2fa7d,1790050360.0,6.6186631755036744,10.0,1.0,1.0,52.0,,True,False
7de2fa7d,1790050362.0,6.6186631755036744,10.0,1.0,1.0,52.0,,True,False
7de2fa7d,1790050364.0,9.601047386987672,10.0,1.0,1.0,52.0,,True,False
7de2fa7d,1790050366.0,9.601047386987672,10.0,1.0,1.0,55.102040816326536,,True,False
7de2fa7d,1790050368.0,14.419492681152834,10.0,1.0,1.0,55.102040816326536,,True,False
7de2fa7d,1790050370.0,14.419492681152834,10.0,1.0,1.0,121.56862745098039,,True,False
7de2fa7d,1790050372.0,14.419492681152834,10.0,1.0,1.0,121.56862745098039,,True,False
7de2fa7d,1790050374.0,19.32938138706041,10.0,1.0,1.0,121.56862745098039,,True,False
7de2fa7d,1790050376.0,19.32938138706041,7.03,1.0,1.0,345.99999999999994,,True,False
7de2fa7d,1790050378.0,24.237244990726936,7.03,1.0,1.0,345.99999999999994,,True,False
7de2fa7d,1790050380.0,24.237244990726936,7.03,1.0,1.0,453.0612244897959,,True,False
7de2fa7d,1790050382.0,24.237244990726936,7.03,1.0,1.0,453.0612244897959,,True,False
7de2fa7d,1790050384.0,29.14015633521178,7.03,1.0,1.0,453.0612244897959,,True,False
7de2fa7d,1790050386.0,29.14015633521178,7.03,1.0,1.0,374.0,,True,False
7de2fa7d,1790050388.0,34.05826090118922,7.03,1.0,1.0,374.0,,True,False
7de2fa7d,1790050390.0,34.05826090118922,7.03,1.0,1.0,364.0,,True,False
7de2fa7d,1790050392.0,34.05826090118922,7.03,1.0,1.0,364.0,,True,False
7de2fa7d,1790050394.0,38.967178834439494,7.03,1.0,1.0,364.0,,True,False
7de2fa7d,1790050396.0,38.967178834439494,7.03,1.0,1.0,329.4117647058823,,True,False
7de2fa7d,1790050398.0,43.87671606509682,7.03,1.0,1.0,329.4117647058823,,True,False
7de2fa7d,1790050400.0,43.87671606509682,7.03,2.0,2.0,459.1836734693878,,True,False
7de2fa7d,1790050402.0,43.87671606509682,7.03,2.0,2.0,459.1836734693878,,True,False
7de2fa7d,1790050404.0,48.786253295754165,7.03,2.0,2.0,459.1836734693878,,True,False
7de2fa7d,1790050406.0,48.786253295754165,38.96,2.0,2.0,332.0,,True,False
7de2fa7d,1790050408.0,53.692861558602125,38.96,2.0,2.0,332.0,,True,False
7de2fa7d,1790050410.0,53.692861558602125,38.96,2.0,2.0,276.0,,True,False
7de2fa7d,1790050412.0,53.692861558602125,38.96,2.0,2.0,276.0,,True,False
7de2fa7d,1790050414.0,57.839962155671195,38.96,2.0,2.0,276.0,,True,False
7de2fa7d,1790050416.0,57.839962155671195,38.96,2.0,2.0,281.99999999999994,,True,False
7de2fa7d,1790050418.0,60.42938099389713,38.96,2.0,2.0,281.99999999999994,,True,False
7de2fa7d,1790050420.0,60.42938099389713,38.96,2.0,2.0,298.0,,True,False
7de2fa7d,1790050422.0,60.42938099389713,38.96,2.0,2.0,780.8282828282829,,True,False
7de2fa7d,1790050424.0,56.85290247394533,38.96,2.0,2.0,780.8282828282829,,True,False
7de2fa7d,1790050426.0,54.83379016415276,38.96,2.0,2.0,879.3800069662138,,True,False
7de2fa7d,1790050428.0,52.869349089856904,38.96,2.0,2.0,517.1399594320487,,True,False
7de2fa7d,1790050430.0,56.253542089142705,38.96,2.0,2.0,559.6507352941177,,True,False
7de2fa7d,1790050432.0,56.440115469119384,38.96,2.0,2.0,562.3183139534884,,True,False
7de2fa7d,1790050434.0,52.60138113709771,38.96,2.0,2.0,562.3183139534884,,True,False
7de2fa7d,1790050436.0,52.7505086299752,38.96,2.0,2.0,123.25581395348837,,True,False
7de2fa7d,1790050438.0,48.08923418101861,38.96,2.0,2.0,532.4324324324324,,True,False
7de2fa7d,1790050440.0,47.89902708545978,38.96,2.0,2.0,532.4324324324324,,True,False
7de2fa7d,1790050442.0,48.01583392032829,66.82,2.0,2.0,470.23809523809524,,True,False
7de2fa7d,1790050444.0,42.93574052622189,66.82,2.0,2.0,470.23809523809524,,True,False
7de2fa7d,1790050446.0,43.039827959665985,66.82,2.0,2.0,215.60283687943263,,True,False
7de2fa7d,1790050448.0,38.21246700080921,66.82,2.0,2.0,104.1085840058694,,True,False
7de2fa7d,1790050450.0,38.048433151757806,66.82,2.0,2.0,104.1085840058694,,True,False
7de2fa7d,1790050452.0,38.13522132186262,66.82,2.0,2.0,133.2449160035367,,True,False
7de2fa7d,1790050454.0,33.08695593030194,66.82,2.0,2.0,133.2449160035367,,True,False
7de2fa7d,1790050456.0,33.16319214822317,66.82,2.0,2.0,140.71900220102714,,True,False
7de2fa7d,1790050458.0,28.270337145096708,66.82,2.0,2.0,101.06382978723404,,True,False
7de2fa7d,1790050460.0,28.203144936545595,66.82,4.0,4.0,101.06382978723404,,True,False
7de2fa7d,1790050462.0,28.272384304548666,66.82,4.0,4.0,95.28508771929825,,True,False
7de2fa7d,1790050464.0,23.249444591365265,66.82,4.0,4.0,95.28508771929825,,True,False
7de2fa7d,1790050466.0,23.275599517964924,66.82,4.0,4.0,89.5906432748538,,True,False
7de2fa7d,1790050468.0,18.632670648536454,66.82,4.0,4.0,84.32748538011695,,True,False
7de2fa7d,1790050470.0,18.529533126548795,66.82,4.0,4.0,84.32748538011695,,True,False
7de2fa7d,1790050472.0,18.590250796057852,66.82,4.0,4.0,81.64014687882498,,True,False
7de2fa7d,1790050474.0,12.842771418588462,66.82,4.0,4.0,188.01973220577872,,True,False
7de2fa7d,1790050476.0,12.899188394638546,25.26,4.0,4.0,198.48484848484847,,True,False
7de2fa7d,1790050478.0,6.9912155752088045,25.26,4.0,4.0,91.1764705882353,,True,False
7de2fa7d,1790050480.0,6.26835101556323,25.26,4.0,4.0,91.1764705882353,,True,False
7de2fa7d,1790050482.0,6.500939165550324,25.26,4.0,4.0,95.41666666666666,,True,False
7de2fa7d,1790050484.0,6.815782157560598,25.26,4.0,4.0,546.6701485608171,,True,False
7de2fa7d,1790050486.0,6.815782157560598,25.26,4.0,4.0,1011.4534818941504,,True,False
7de2fa7d,1790050488.0,6.820667745751094,25.26,4.0,4.0,1087.8171182577867,,True,False
7de2fa7d,1790050482.0,,25.26,4.0,4.0,934.480303030303,,True,False
7de2fa7d,1790050484.0,,25.26,4.0,4.0,643.1048387096774,,True,False
7de2fa7d,1790050486.0,,25.26,4.0,4.0,549.1881720430107,,True,False
7de2fa7d,1790050488.0,,25.26,4.0,4.0,435.3548387096774,,True,False
7de2fa7d,,,25.26,4.0,4.0,,,False,False
7de2fa7d,,,25.26,4.0,4.0,,,False,False
8dd841d7,2026-09-22T05:50:10Z,0.0,0.0,1.0,1.0,20.0,,True,False
8dd841d7,2026-09-22T05:50:12Z,0.0,0.0,1.0,1.0,12.5,,True,False
8dd841d7,2026-09-22T05:50:14Z,0.0,0.0,1.0,1.0,12.5,,True,False
8dd841d7,2026-09-22T05:50:16Z,0.2727619878893678,0.0,1.0,1.0,32.432432432432435,,True,False
8dd841d7,2026-09-22T05:50:18Z,0.2727619878893678,0.0,1.0,1.0,32.432432432432435,,True,False
8dd841d7,2026-09-22T05:50:20Z,0.2727619878893678,0.0,1.0,1.0,32.432432432432435,,True,False
8dd841d7,2026-09-22T05:50:22Z,0.7272991745154369,0.0,1.0,1.0,38.0,,True,False
8dd841d7,2026-09-22T05:50:24Z,0.7272991745154369,0.0,1.0,1.0,38.0,,True,False
8dd841d7,2026-09-22T05:50:26Z,1.181925629602691,0.0,1.0,1.0,36.734693877551024,,True,False
8dd841d7,2026-09-22T05:50:28Z,1.181925629602691,0.0,1.0,1.0,36.734693877551024,,True,False
8dd841d7,2026-09-22T05:50:30Z,1.181925629602691,0.0,1.0,1.0,36.734693877551024,,True,False
8dd841d7,2026-09-22T05:50:32Z,1.636512410219111,0.0,1.0,1.0,40.816326530612244,,True,False
8dd841d7,2026-09-22T05:50:34Z,1.636512410219111,0.0,1.0,1.0,40.816326530612244,,True,False
8dd841d7,2026-09-22T05:50:36Z,2.0910611680849516,0.8,1.0,1.0,41.17647058823529,,True,False
8dd841d7,2026-09-22T05:50:38Z,2.0910611680849516,0.8,1.0,1.0,41.17647058823529,,True,False
8dd841d7,2026-09-22T05:50:40Z,2.0910611680849516,0.8,1.0,1.0,41.17647058823529,,True,False
9a2d49d0,2026-09-22T06:49:46Z,8.564570680437866,12.13,1.0,1.0,20.0,,True,False
9a2d49d0,2026-09-22T06:49:48Z,8.564570680437866,12.13,1.0,1.0,20.0,,True,False
9a2d49d0,2026-09-22T06:49:50Z,8.545765300556383,12.13,1.0,1.0,96.42857142857144,,True,False
9a2d49d0,2026-09-22T06:49:52Z,8.545765300556383,12.13,1.0,1.0,96.42857142857144,,True,False
9a2d49d0,2026-09-22T06:49:54Z,8.545765300556383,12.13,1.0,1.0,96.42857142857144,,True,False
9a2d49d0,2026-09-22T06:49:56Z,10.364201683728204,12.13,1.0,1.0,175.99999999999997,,True,False
9a2d49d0,2026-09-22T06:49:58Z,10.364201683728204,12.13,1.0,1.0,175.99999999999997,,True,False
9a2d49d0,2026-09-22T06:50:00Z,12.182482680873502,12.13,1.0,1.0,162.0,,True,False
9a2d49d0,2026-09-22T06:50:02Z,12.182482680873502,12.13,1.0,1.0,162.0,,True,False
9a2d49d0,2026-09-22T06:50:04Z,12.182482680873502,12.13,1.0,1.0,162.0,,True,False
9a2d49d0,2026-09-22T06:50:06Z,14.001018255873158,12.13,1.0,1.0,121.56862745098039,,True,False
9a2d49d0,2026-09-22T06:50:08Z,14.001018255873158,12.13,1.0,1.0,121.56862745098039,,True,False
9a2d49d0,2026-09-22T06:50:10Z,15.819332315077462,12.13,1.0,1.0,120.40816326530611,,True,False
9a2d49d0,2026-09-22T06:50:12Z,15.819332315077462,12.13,1.0,1.0,120.40816326530611,,True,False
9a2d49d0,2026-09-22T06:50:14Z,15.819332315077462,12.13,1.0,1.0,120.40816326530611,,True,False
9a2d49d0,2026-09-22T06:50:16Z,17.63764637428177,14.2,1.0,1.0,132.0,,True,False
9a2d49d0,2026-09-22T06:50:18Z,17.63764637428177,14.2,1.0,1.0,132.0,,True,False
9a2d49d0,2026-09-22T06:50:20Z,19.45525291828794,14.2,1.0,1.0,122.0,,True,False
9a2d49d0,2026-09-22T06:50:22Z,19.45525291828794,14.2,1.0,1.0,122.0,,True,False
9a2d49d0,2026-09-22T06:50:24Z,19.45525291828794,14.2,1.0,1.0,122.0,,True,False
9a2d49d0,2026-09-22T06:50:26Z,21.27427449269038,14.2,1.0,1.0,112.00000000000001,,True,False
9a2d49d0,2026-09-22T06:50:28Z,21.27427449269038,14.2,1.0,1.0,112.00000000000001,,True,False
9a2d49d0,2026-09-22T06:50:30Z,23.093008455314123,14.2,1.0,1.0,116.00000000000001,,True,False
9a2d49d0,2026-09-22T06:50:32Z,23.093008455314123,14.2,1.0,1.0,116.00000000000001,,True,False
9a2d49d0,2026-09-22T06:50:34Z,23.093008455314123,14.2,1.0,1.0,116.00000000000001,,True,False
9a2d49d0,2026-09-22T06:50:36Z,25.438676243294847,14.2,1.0,1.0,152.0,,True,False
9a2d49d0,2026-09-22T06:50:38Z,25.438676243294847,14.2,1.0,1.0,152.0,,True,False
9a2d49d0,2026-09-22T06:50:40Z,28.166196926993365,14.2,1.0,1.0,132.0,,True,False
9a2d49d0,2026-09-22T06:50:42Z,28.166196926993365,14.2,1.0,1.0,132.0,,True,False
9a2d49d0,2026-09-22T06:50:44Z,28.166196926993365,14.2,1.0,1.0,132.0,,True,False
9a2d49d0,2026-09-22T06:50:46Z,30.001636452897433,20.37,1.0,1.0,131.37254901960785,,True,False
9a2d49d0,2026-09-22T06:50:48Z,30.001636452897433,20.37,1.0,1.0,131.37254901960785,,True,False
9a2d49d0,2026-09-22T06:50:50Z,30.001636452897433,20.37,1.0,1.0,106.12244897959184,,True,False
9a2d49d0,2026-09-22T06:50:52Z,30.001636452897433,20.37,1.0,1.0,106.12244897959184,,True,False
9a2d49d0,2026-09-22T06:50:54Z,30.001636452897433,20.37,1.0,1.0,106.12244897959184,,True,False
9a2d49d0,2026-09-22T06:50:56Z,30.002727520683695,20.37,1.0,1.0,136.0,,True,False
9a2d49d0,2026-09-22T06:50:58Z,30.002727520683695,20.37,1.0,1.0,136.0,,True,False
9a2d49d0,2026-09-22T06:51:00Z,30.003273084336474,20.37,1.0,1.0,144.0,,True,False
9a2d49d0,2026-09-22T06:51:02Z,30.003273084336474,20.37,1.0,1.0,144.0,,True,False
9a2d49d0,2026-09-22T06:51:04Z,30.003273084336474,20.37,1.0,1.0,144.0,,True,False
9a2d49d0,2026-09-22T06:51:06Z,30.002727520683695,20.37,1.0,1.0,136.0,,True,False
9a2d49d0,2026-09-22T06:51:08Z,30.002727520683695,20.37,1.0,1.0,136.0,,True,False
9a2d49d0,2026-09-22T06:51:10Z,30.002727520683695,20.37,1.0,1.0,100.0,,True,False
9a2d49d0,2026-09-22T06:51:12Z,30.002727520683695,20.37,1.0,1.0,100.0,,True,False
9a2d49d0,2026-09-22T06:51:14Z,30.002727520683695,20.37,1.0,1.0,100.0,,True,False
9a2d49d0,2026-09-22T06:51:16Z,30.002181976871043,27.69,1.0,1.0,130.0,,True,False
9a2d49d0,2026-09-22T06:51:18Z,30.002181976871043,27.69,1.0,1.0,130.0,,True,False
9a2d49d0,2026-09-22T06:51:20Z,30.001090948761767,27.69,1.0,1.0,148.0,,True,False
9a2d49d0,2026-09-22T06:51:22Z,30.001090948761767,27.69,1.0,1.0,148.0,,True,False
9a2d49d0,2026-09-22T06:51:24Z,30.001090948761767,27.69,1.0,1.0,148.0,,True,False
9a2d49d0,2026-09-22T06:51:26Z,30.002181976871043,27.69,1.0,1.0,116.00000000000001,,True,False
9a2d49d0,2026-09-22T06:51:28Z,30.002181976871043,27.69,1.0,1.0,116.00000000000001,,True,False
9a2d49d0,2026-09-22T06:51:30Z,30.003273084336474,27.69,1.0,1.0,104.0,,True,False
9a2d49d0,2026-09-22T06:51:32Z,30.003273084336474,27.69,1.0,1.0,104.0,,True,False
9a2d49d0,2026-09-22T06:51:34Z,30.003273084336474,27.69,1.0,1.0,104.0,,True,False
9a2d49d0,2026-09-22T06:51:36Z,30.003273084336474,27.69,1.0,1.0,130.0,,True,False
9a2d49d0,2026-09-22T06:51:38Z,30.003273084336474,27.69,1.0,1.0,130.0,,True,False
9a2d49d0,2026-09-22T06:51:40Z,30.003273084336474,27.69,1.0,1.0,100.0,,True,False
9a2d49d0,2026-09-22T06:51:42Z,30.003273084336474,27.69,1.0,1.0,100.0,,True,False
9a2d49d0,2026-09-22T06:51:44Z,30.003273084336474,27.69,1.0,1.0,100.0,,True,False
9a2d49d0,2026-09-22T06:51:46Z,30.002727520683695,32.47,1.0,1.0,112.00000000000001,,True,False
9a2d49d0,2026-09-22T06:51:48Z,30.002727520683695,32.47,1.0,1.0,112.00000000000001,,True,False
9a2d49d0,2026-09-22T06:51:50Z,30.00218197687105,32.47,1.0,1.0,106.0,,True,False
9a2d49d0,2026-09-22T06:51:52Z,30.00218197687105,32.47,1.0,1.0,106.0,,True,False
9a2d49d0,2026-09-22T06:51:54Z,30.002181976871043,32.47,1.0,1.0,106.0,,True,False
9a2d49d0,2026-09-22T06:51:56Z,30.002727520683695,32.47,1.0,1.0,114.0,,True,False
9a2d49d0,2026-09-22T06:51:58Z,30.002727520683695,32.47,1.0,1.0,114.0,,True,False
9a2d49d0,2026-09-22T06:52:00Z,30.003273084336474,32.47,2.0,2.0,107.84313725490196,,True,False
9a2d49d0,2026-09-22T06:52:02Z,30.003273084336474,32.47,2.0,2.0,597.875291595738,,True,False
9a2d49d0,2026-09-22T06:52:04Z,30.003273084336474,32.47,2.0,2.0,597.875291595738,,True,False
9a2d49d0,2026-09-22T06:52:06Z,30.003273084336474,32.47,2.0,2.0,547.73735581189,,True,False
9a2d49d0,2026-09-22T06:52:08Z,30.003273084336474,32.47,2.0,2.0,547.73735581189,,True,False
9a2d49d0,2026-09-22T06:52:10Z,30.00381866783045,32.47,2.0,2.0,543.0434782608695,,True,False
9a2d49d0,2026-09-22T06:52:12Z,30.00381866783045,32.47,2.0,2.0,230.0,,True,False
9a2d49d0,2026-09-22T06:52:14Z,30.00381866783045,32.47,2.0,2.0,230.0,,True,False
9a2d49d0,2026-09-22T06:52:16Z,30.002727520683703,35.41,2.0,2.0,175.99999999999997,,True,False
9a2d49d0,2026-09-22T06:52:18Z,30.002727520683703,35.41,2.0,2.0,175.99999999999997,,True,False
9a2d49d0,2026-09-22T06:52:20Z,29.58343182355401,35.41,2.0,2.0,146.0,,True,False
9a2d49d0,2026-09-22T06:52:22Z,29.58343182355401,35.41,2.0,2.0,256.6060606060606,,True,False
9a2d49d0,2026-09-22T06:52:24Z,29.58343182355401,35.41,2.0,2.0,256.6060606060606,,True,False
9a2d49d0,2026-09-22T06:52:26Z,30.125892314679607,35.41,2.0,2.0,242.47058823529414,,True,False
9a2d49d0,2026-09-22T06:52:28Z,30.572737719508204,35.41,2.0,2.0,242.47058823529414,,True,False
9a2d49d0,2026-09-22T06:52:30Z,29.819474023509457,35.41,2.0,2.0,260.47058823529414,,True,False
9a2d49d0,2026-09-22T06:52:32Z,30.26606516405023,35.41,2.0,2.0,292.33333333333337,,True,False
9a2d49d0,2026-09-22T06:52:34Z,30.712865870928958,35.41,2.0,2.0,292.33333333333337,,True,False
9a2d49d0,2026-09-22T06:52:36Z,29.939591411591245,35.41,2.0,2.0,196.77551020408163,,True,False
9a2d49d0,2026-09-22T06:52:38Z,30.384095123197238,35.41,2.0,2.0,196.77551020408163,,True,False
9a2d49d0,2026-09-22T06:52:40Z,29.592100307691183,35.41,2.0,2.0,200.77551020408163,,True,False
9a2d49d0,2026-09-22T06:52:42Z,30.043316606650635,35.41,2.0,2.0,201.58333333333334,,True,False
9a2d49d0,2026-09-22T06:52:44Z,30.48838336666464,35.41,2.0,2.0,201.58333333333334,,True,False
9a2d49d0,2026-09-22T06:52:46Z,29.737142516499357,36.41,2.0,2.0,194.00000000000003,,True,False
c772af8f,2026-09-22T06:55:54Z,0.0,0.0,2.0,2.0,16.666666666666668,,True,False
c772af8f,2026-09-22T06:55:56Z,0.0,0.0,2.0,2.0,12.5,,True,False
c772af8f,2026-09-22T06:55:58Z,0.0,0.0,2.0,2.0,12.5,,True,False
c772af8f,2026-09-22T06:56:00Z,2.3093428374004437,0.0,1.0,1.0,108.88888888888887,,True,False
c772af8f,2026-09-22T06:56:02Z,2.3093428374004437,0.0,1.0,1.0,108.88888888888887,,True,False
c772af8f,2026-09-22T06:56:04Z,2.3093428374004437,0.0,1.0,1.0,108.88888888888887,,True,False
c772af8f,2026-09-22T06:56:06Z,5.036821529229931,0.0,1.0,1.0,102.0,,True,False
c772af8f,2026-09-22T06:56:08Z,5.036821529229931,0.0,1.0,1.0,102.0,,True,False
c772af8f,2026-09-22T06:56:10Z,7.764342212928449,0.0,1.0,1.0,156.0,,True,False
c772af8f,2026-09-22T06:56:12Z,7.764342212928449,0.0,1.0,1.0,156.0,,True,False
c772af8f,2026-09-22T06:56:14Z,7.764342212928449,0.0,1.0,1.0,156.0,,True,False
c772af8f,2026-09-22T06:56:16Z,10.491862896626968,0.0,1.0,1.0,96.07843137254903,,True,False
c772af8f,2026-09-22T06:56:18Z,10.491862896626968,0.0,1.0,1.0,96.07843137254903,,True,False
c772af8f,2026-09-22T06:56:20Z,13.218902849246323,0.0,1.0,1.0,136.73469387755102,,True,False
c772af8f,2026-09-22T06:56:22Z,13.218902849246323,0.0,1.0,1.0,136.73469387755102,,True,False
c772af8f,2026-09-22T06:56:24Z,13.218902849246323,0.0,1.0,1.0,136.73469387755102,,True,False
c772af8f,2026-09-22T06:56:26Z,15.946904264024004,0.0,1.0,1.0,146.0,,True,False
c772af8f,2026-09-22T06:56:28Z,15.946904264024004,0.0,1.0,1.0,146.0,,True,False
c772af8f,2026-09-22T06:56:30Z,18.674764519765795,0.0,1.0,1.0,136.0,,True,False
c772af8f,2026-09-22T06:56:32Z,18.674764519765795,0.0,1.0,1.0,136.0,,True,False
c772af8f,2026-09-22T06:56:34Z,18.674764519765795,0.0,1.0,1.0,136.0,,True,False
c772af8f,2026-09-22T06:56:36Z,21.403113180098924,0.0,1.0,1.0,132.0,,True,False
c772af8f,2026-09-22T06:56:38Z,21.403113180098924,0.0,1.0,1.0,132.0,,True,False
c772af8f,2026-09-22T06:56:40Z,24.129466315119558,0.0,1.0,1.0,122.0,,True,False
c772af8f,2026-09-22T06:56:42Z,24.129466315119558,0.0,1.0,1.0,122.0,,True,False
c772af8f,2026-09-22T06:56:44Z,24.129466315119558,0.0,1.0,1.0,122.0,,True,False
c772af8f,2026-09-22T06:56:46Z,26.857963740839743,7.87,1.0,1.0,116.00000000000001,,True,False
c772af8f,2026-09-22T06:56:48Z,26.857963740839743,7.87,1.0,1.0,116.00000000000001,,True,False
c772af8f,2026-09-22T06:56:50Z,29.583969743254055,7.87,1.0,1.0,212.0,,True,False
c772af8f,2026-09-22T06:56:52Z,29.583969743254055,7.87,1.0,1.0,212.0,,True,False
c772af8f,2026-09-22T06:56:54Z,29.583969743254055,7.87,1.0,1.0,212.0,,True,False
c772af8f,2026-09-22T06:56:56Z,30.002727520683703,7.87,1.0,1.0,175.99999999999997,,True,False
c772af8f,2026-09-22T06:56:58Z,30.002727520683703,7.87,1.0,1.0,175.99999999999997,,True,False
c772af8f,2026-09-22T06:57:00Z,30.003273084336474,7.87,1.0,1.0,132.0,,True,False
c772af8f,2026-09-22T06:57:02Z,30.003273084336474,7.87,1.0,1.0,132.0,,True,False
c772af8f,2026-09-22T06:57:04Z,30.003273084336474,7.87,1.0,1.0,132.0,,True,False
c772af8f,2026-09-22T06:57:06Z,30.003273084336474,7.87,1.0,1.0,110.0,,True,False
c772af8f,2026-09-22T06:57:08Z,30.003273084336474,7.87,1.0,1.0,110.0,,True,False
c772af8f,2026-09-22T06:57:10Z,30.003273084336474,7.87,1.0,1.0,114.0,,True,False
c772af8f,2026-09-22T06:57:12Z,30.003273084336474,7.87,1.0,1.0,114.0,,True,False
c772af8f,2026-09-22T06:57:14Z,30.003273084336474,7.87,1.0,1.0,114.0,,True,False
c772af8f,2026-09-22T06:57:16Z,30.002727520683703,23.05,1.0,1.0,111.76470588235296,,True,False
c772af8f,2026-09-22T06:57:18Z,30.002727520683703,23.05,1.0,1.0,111.76470588235296,,True,False
c772af8f,2026-09-22T06:57:20Z,30.001636452897433,23.05,1.0,1.0,116.3265306122449,,True,False
c772af8f,2026-09-22T06:57:22Z,30.001636452897433,23.05,1.0,1.0,116.3265306122449,,True,False
c772af8f,2026-09-22T06:57:24Z,30.001636452897433,23.05,1.0,1.0,116.3265306122449,,True,False
c772af8f,2026-09-22T06:57:26Z,30.002727520683703,23.05,1.0,1.0,106.0,,True,False
c772af8f,2026-09-22T06:57:28Z,30.002727520683703,23.05,1.0,1.0,106.0,,True,False
c772af8f,2026-09-22T06:57:30Z,30.002181976871043,23.05,1.0,1.0,114.0,,True,False
c772af8f,2026-09-22T06:57:32Z,30.002181976871043,23.05,1.0,1.0,114.0,,True,False
c772af8f,2026-09-22T06:57:34Z,30.002181976871043,23.05,1.0,1.0,114.0,,True,False
c772af8f,2026-09-22T06:57:36Z,30.002727520683695,23.05,1.0,1.0,110.0,,True,False
c772af8f,2026-09-22T06:57:38Z,30.002727520683695,23.05,1.0,1.0,110.0,,True,False
c772af8f,2026-09-22T06:57:40Z,30.002181976871043,23.05,1.0,1.0,122.0,,True,False
c772af8f,2026-09-22T06:57:42Z,30.002181976871043,23.05,1.0,1.0,122.0,,True,False
c772af8f,2026-09-22T06:57:44Z,30.002181976871043,23.05,1.0,1.0,122.0,,True,False
c772af8f,2026-09-22T06:57:46Z,30.020365117463086,33.02,1.0,1.0,150.98039215686273,,True,False
c772af8f,2026-09-22T06:57:48Z,30.020365117463086,33.02,1.0,1.0,150.98039215686273,,True,False
c772af8f,2026-09-22T06:57:50Z,30.001090948761767,33.02,1.0,1.0,106.12244897959184,,True,False
c772af8f,2026-09-22T06:57:52Z,30.001090948761767,33.02,1.0,1.0,106.12244897959184,,True,False
c772af8f,2026-09-22T06:57:54Z,30.001090948761767,33.02,1.0,1.0,106.12244897959184,,True,False
c772af8f,2026-09-22T06:57:56Z,30.001090948761775,33.02,1.0,1.0,134.0,,True,False
c772af8f,2026-09-22T06:57:58Z,30.001090948761775,33.02,1.0,1.0,134.0,,True,False
c772af8f,2026-09-22T06:58:00Z,30.00381866783045,33.02,2.0,2.0,132.0,,True,False
c772af8f,2026-09-22T06:58:02Z,30.00381866783045,33.02,2.0,2.0,132.0,,True,False
c772af8f,2026-09-22T06:58:04Z,30.00381866783045,33.02,2.0,2.0,132.0,,True,False
c772af8f,2026-09-22T06:58:06Z,30.003273084336474,33.02,2.0,2.0,178.0,,True,False
c772af8f,2026-09-22T06:58:08Z,30.003273084336474,33.02,2.0,2.0,178.0,,True,False
c772af8f,2026-09-22T06:58:10Z,29.949266270252576,33.02,2.0,2.0,278.4313725490196,,True,False
c772af8f,2026-09-22T06:58:12Z,29.949266270252576,33.02,2.0,2.0,278.4313725490196,,True,False
c772af8f,2026-09-22T06:58:14Z,29.949266270252576,33.02,2.0,2.0,278.4313725490196,,True,False
c772af8f,2026-09-22T06:58:16Z,30.003273084336474,38.32,2.0,2.0,261.2244897959184,,True,False
c772af8f,2026-09-22T06:58:18Z,30.003273084336474,38.32,2.0,2.0,261.2244897959184,,True,False
c772af8f,2026-09-22T06:58:20Z,30.001636452897433,38.32,2.0,2.0,182.0,,True,False
c772af8f,2026-09-22T06:58:22Z,30.001636452897433,38.32,2.0,2.0,182.0,,True,False
c772af8f,2026-09-22T06:58:24Z,30.001636452897433,38.32,2.0,2.0,182.0,,True,False
c772af8f,2026-09-22T06:58:26Z,30.003273084336474,38.32,2.0,2.0,214.0,,True,False
c772af8f,2026-09-22T06:58:28Z,30.003273084336474,38.32,2.0,2.0,214.0,,True,False
c772af8f,2026-09-22T06:58:30Z,30.003818667830455,38.32,2.0,2.0,174.0,,True,False
c772af8f,2026-09-22T06:58:32Z,30.003818667830455,38.32,2.0,2.0,174.0,,True,False
c772af8f,2026-09-22T06:58:34Z,30.003818667830455,38.32,2.0,2.0,174.0,,True,False
c772af8f,2026-09-22T06:58:36Z,30.003818667830455,38.32,2.0,2.0,117.99999999999999,,True,False
c772af8f,2026-09-22T06:58:38Z,30.003818667830455,38.32,2.0,2.0,117.99999999999999,,True,False
c772af8f,2026-09-22T06:58:40Z,29.9856345353045,38.32,2.0,2.0,124.0,,True,False
c772af8f,2026-09-22T06:58:42Z,29.9856345353045,38.32,2.0,2.0,124.0,,True,False
c772af8f,2026-09-22T06:58:44Z,29.9856345353045,38.32,2.0,2.0,124.0,,True,False
c772af8f,2026-09-22T06:58:46Z,30.002727520683703,39.28,2.0,2.0,605.9382239382239,,True,False
c772af8f,2026-09-22T06:58:48Z,30.002727520683703,39.28,2.0,2.0,605.9382239382239,,True,False
c772af8f,2026-09-22T06:58:50Z,30.001090948761767,39.28,2.0,2.0,589.6244984480279,,True,False
c772af8f,2026-09-22T06:58:52Z,30.001090948761767,39.28,2.0,2.0,242.9590017825312,,True,False
c772af8f,2026-09-22T06:58:54Z,30.001090948761767,39.28,2.0,2.0,242.9590017825312,,True,False
