experiment_id,prediction_timestamp_utc,target_timestamp_utc,lead_time_seconds,predicted_rps,actual_rps,absolute_error,squared_error
18c3ce8c,1790007046.0,1790007046.0,60,0.0,0.0,0.0,0.0
18c3ce8c,1790007048.0,1790007048.0,60,0.0,0.0,0.0,0.0
18c3ce8c,1790007050.0,1790007050.0,60,0.0,0.0,0.0,0.0
18c3ce8c,1790007052.0,1790007052.0,60,0.0,0.0,0.0,0.0
18c3ce8c,1790007054.0,1790007054.0,60,0.0,0.0,0.0,0.0
18c3ce8c,1790007056.0,1790007056.0,60,0.0,0.0,0.0,0.0
18c3ce8c,1790007058.0,1790007058.0,60,0.0,0.6182380216383309,0.6182380216383309,0.38221825139927723
18c3ce8c,1790007060.0,1790007060.0,60,0.0,0.6182380216383309,0.6182380216383309,0.38221825139927723
18c3ce8c,1790007062.0,1790007062.0,60,0.0,1.9820344037531368,1.9820344037531368,3.9284603776610525
18c3ce8c,1790007064.0,1790007064.0,60,0.3,1.9820344037531368,1.6820344037531367,2.8292397354091703
18c3ce8c,1790007066.0,1790007066.0,60,0.3,1.9820344037531368,1.6820344037531367,2.8292397354091703
18c3ce8c,1790007068.0,1790007068.0,60,0.3,3.3457587053368494,3.0457587053368496,9.276646091135202
18c3ce8c,1790007070.0,1790007070.0,60,0.3,3.3457587053368494,3.0457587053368496,9.276646091135202
18c3ce8c,1790007072.0,1790007072.0,60,0.3,4.709519047186108,4.409519047186108,19.44385822749708
18c3ce8c,1790007074.0,1790007074.0,60,0.3,4.709519047186108,4.409519047186108,19.44385822749708
18c3ce8c,1790007076.0,1790007076.0,60,0.3,4.709519047186108,4.409519047186108,19.44385822749708
18c3ce8c,1790007078.0,1790007078.0,60,0.3,6.073279389035367,5.773279389035367,33.33075490386058
18c3ce8c,1790007080.0,1790007080.0,60,0.3,6.073279389035367,5.773279389035367,33.33075490386058
18c3ce8c,1790007082.0,1790007082.0,60,0.3,7.437039730884625,7.137039730884625,50.93733612022569
18c3ce8c,1790007084.0,1790007084.0,60,0.3,7.437039730884625,7.137039730884625,50.93733612022569
18c3ce8c,1790007086.0,1790007086.0,60,0.3,7.437039730884625,7.137039730884625,50.93733612022569
18c3ce8c,1790007088.0,1790007088.0,60,0.3,8.800800072733884,8.500800072733883,72.26360187659239
18c3ce8c,1790007090.0,1790007090.0,60,0.3,8.800800072733884,8.500800072733883,72.26360187659239
18c3ce8c,1790007092.0,1790007092.0,60,0.3,10.164745244935812,9.864745244935811,97.3131987474837
18c3ce8c,1790007094.0,1790007094.0,60,11.53,10.164745244935812,1.3652547550641874,1.8639205462253743
18c3ce8c,1790007096.0,1790007096.0,60,11.53,10.164745244935812,1.3652547550641874,1.8639205462253743
18c3ce8c,1790007098.0,1790007098.0,60,11.53,11.528320756432402,0.0016792435675974104,2.819858959317279e-06
18c3ce8c,1790007100.0,1790007100.0,60,11.53,11.528320756432402,0.0016792435675974104,2.819858959317279e-06
18c3ce8c,1790007102.0,1790007102.0,60,11.53,12.910156961287738,1.3801569612877387,1.9048332377910047
18c3ce8c,1790007104.0,1790007104.0,60,11.53,12.910156961287738,1.3801569612877387,1.9048332377910047
18c3ce8c,1790007106.0,1790007106.0,60,11.53,12.910156961287738,1.3801569612877387,1.9048332377910047
18c3ce8c,1790007108.0,1790007108.0,60,11.53,14.25610066552715,2.7261006655271505,7.431624838587573
18c3ce8c,1790007110.0,1790007110.0,60,11.53,14.25610066552715,2.7261006655271505,7.431624838587573
18c3ce8c,1790007112.0,1790007112.0,60,11.53,15.001363760341848,3.4713637603418483,12.050366356614697
18c3ce8c,1790007114.0,1790007114.0,60,11.53,15.001363760341848,3.4713637603418483,12.050366356614697
18c3ce8c,1790007116.0,1790007116.0,60,11.53,15.001363760341848,3.4713637603418483,12.050366356614697
18c3ce8c,1790007118.0,1790007118.0,60,11.53,15.638069607593557,4.108069607593558,16.87623590083389
18c3ce8c,1790007120.0,1790007120.0,60,11.53,15.638069607593557,4.108069607593558,16.87623590083389
18c3ce8c,1790007122.0,1790007122.0,60,11.53,21.309478354151896,9.779478354151896,95.63819687932548
18c3ce8c,1790007124.0,1790007124.0,60,11.53,21.309478354151896,9.779478354151896,95.63819687932548
18c3ce8c,1790007126.0,1790007126.0,60,11.53,21.309478354151896,9.779478354151896,95.63819687932548
18c3ce8c,1790007128.0,1790007128.0,60,20.44,20.54832669973466,0.1083266997346577,0.011734673875402687
18c3ce8c,1790007130.0,1790007130.0,60,20.44,19.816964111897807,0.6230358881021942,0.3881737178632899
18c3ce8c,1790007132.0,1790007132.0,60,20.44,19.755220542424162,0.6847794575758392,0.46892290551786064
18c3ce8c,1790007134.0,1790007134.0,60,20.44,18.99820032805855,1.4417996719414496,2.078786294010472
18c3ce8c,1790007136.0,1790007136.0,60,20.44,18.241180113692945,2.1988198863070565,4.834808892419377
18c3ce8c,1790007138.0,1790007138.0,60,20.44,18.22616234073315,2.2138376592668507,4.901077181588128
18c3ce8c,1790007140.0,1790007140.0,60,20.44,17.43701540273993,3.0029845972600704,9.017916491381227
18c3ce8c,1790007142.0,1790007142.0,60,20.44,17.519254824011835,2.9207451759881664,8.530752383058145
18c3ce8c,1790007144.0,1790007144.0,60,20.44,16.688802360748877,3.7511976392511244,14.071483728723209
18c3ce8c,1790007146.0,1790007146.0,60,20.44,15.858349897485924,4.581650102514077,20.991517661867253
18c3ce8c,1790007148.0,1790007148.0,60,20.44,16.024516080945453,4.415483919054548,19.49649823942931
18c3ce8c,1790007150.0,1790007150.0,60,20.44,15.138990042924496,5.301009957075506,28.100706565013652
18c3ce8c,1790007152.0,1790007152.0,60,20.44,15.49451101955922,4.945488980440782,24.457861255661207
18c3ce8c,1790007154.0,1790007154.0,60,20.44,14.531882858019012,5.9081171419809895,34.90584816336961
18c3ce8c,1790007156.0,1790007156.0,60,20.44,13.569254696478806,6.870745303521195,47.20714102585856
56f52201,1790011161.0,1790011161.0,60,0.0,0.0,0.0,0.0
56f52201,1790011163.0,1790011163.0,60,0.0,0.0,0.0,0.0
56f52201,1790011165.0,1790011165.0,60,0.0,0.0,0.0,0.0
56f52201,1790011167.0,1790011167.0,60,0.0,0.0,0.0,0.0
56f52201,1790011169.0,1790011169.0,60,0.0,0.0,0.0,0.0
56f52201,1790011171.0,1790011171.0,60,0.0,0.0,0.0,0.0
56f52201,1790011173.0,1790011173.0,60,0.0,0.1454783510028914,0.1454783510028914,0.02116395061052047
56f52201,1790011175.0,1790011175.0,60,0.0,0.1454783510028914,0.1454783510028914,0.02116395061052047
56f52201,1790011177.0,1790011177.0,60,0.0,0.6910096013965668,0.6910096013965668,0.4774942692222421
56f52201,1790011179.0,1790011179.0,60,0.0,0.6910096013965668,0.6910096013965668,0.4774942692222421
56f52201,1790011181.0,1790011181.0,60,0.0,0.6910096013965668,0.6910096013965668,0.4774942692222421
56f52201,1790011183.0,1790011183.0,60,0.07,1.2346799818429413,1.1646799818429412,1.3564794601056738
56f52201,1790011185.0,1790011185.0,60,0.07,1.2346799818429413,1.1646799818429412,1.3564794601056738
56f52201,1790011187.0,1790011187.0,60,0.07,1.761170724621893,1.691170724621893,2.8600584198181385
56f52201,1790011189.0,1790011189.0,60,0.07,1.761170724621893,1.691170724621893,2.8600584198181385
56f52201,1790011191.0,1790011191.0,60,0.07,1.761170724621893,1.691170724621893,2.8600584198181385
56f52201,1790011193.0,1790011193.0,60,0.07,2.3276112889147513,2.2576112889147515,5.096808731835326
56f52201,1790011195.0,1790011195.0,60,0.07,2.3276112889147513,2.2576112889147515,5.096808731835326
56f52201,1790011197.0,1790011197.0,60,0.07,2.8508134805345726,2.780813480534573,7.7329236135228046
56f52201,1790011199.0,1790011199.0,60,0.07,2.8508134805345726,2.780813480534573,7.7329236135228046
56f52201,1790011201.0,1790011201.0,60,0.07,2.8508134805345726,2.780813480534573,7.7329236135228046
56f52201,1790011203.0,1790011203.0,60,0.07,3.418679080593541,3.3486790805935414,11.213651584804806
56f52201,1790011205.0,1790011205.0,60,0.07,3.418679080593541,3.3486790805935414,11.213651584804806
56f52201,1790011207.0,1790011207.0,60,0.07,3.9642129764329357,3.894212976432936,15.164894705818666
56f52201,1790011209.0,1790011209.0,60,0.07,3.9642129764329357,3.894212976432936,15.164894705818666
56f52201,1790011211.0,1790011211.0,60,0.07,3.9642129764329357,3.894212976432936,15.164894705818666
56f52201,1790011213.0,1790011213.0,60,1.35,4.509500863714883,3.1595008637148827,9.98244570781509
56f52201,1790011215.0,1790011215.0,60,1.35,4.509500863714883,3.1595008637148827,9.98244570781509
56f52201,1790011217.0,1790011217.0,60,1.35,5.055372697350475,3.7053726973504753,13.729786826270336
56f52201,1790011219.0,1790011219.0,60,1.35,5.055372697350475,3.7053726973504753,13.729786826270336
56f52201,1790011221.0,1790011221.0,60,1.35,5.055372697350475,3.7053726973504753,13.729786826270336
56f52201,1790011223.0,1790011223.0,60,1.35,5.601018366975813,4.2510183669758135,18.07115715636571
56f52201,1790011225.0,1790011225.0,60,1.35,5.601018366975813,4.2510183669758135,18.07115715636571
56f52201,1790011227.0,1790011227.0,60,1.35,6.00076373356609,4.650763733566089,21.62960330545359
56f52201,1790011229.0,1790011229.0,60,1.35,6.00076373356609,4.650763733566089,21.62960330545359
56f52201,1790011231.0,1790011231.0,60,1.35,6.00076373356609,4.650763733566089,21.62960330545359
56f52201,1790011233.0,1790011233.0,60,1.35,6.091795170206575,4.741795170206576,22.48462143619441
56f52201,1790011235.0,1790011235.0,60,1.35,6.091795170206575,4.741795170206576,22.48462143619441
56f52201,1790011237.0,1790011237.0,60,1.35,8.122086247086248,6.772086247086248,45.861152137974706
56f52201,1790011239.0,1790011239.0,60,1.35,8.122086247086248,6.772086247086248,45.861152137974706
56f52201,1790011241.0,1790011241.0,60,1.35,8.122086247086248,6.772086247086248,45.861152137974706
56f52201,1790011247.0,1790011243.0,60,4.07,7.7426843317972365,3.672684331797236,13.488610201028912
56f52201,1790011249.0,1790011245.0,60,4.07,7.464183029453015,3.394183029453015,11.520478437426847
56f52201,1790011251.0,1790011247.0,60,4.07,7.378669769892129,3.308669769892129,10.947295646198032
56f52201,1790011253.0,1790011249.0,60,4.07,7.0927120708885365,3.022712070888536,9.136788263495264
56f52201,1790011255.0,1790011251.0,60,4.07,6.806754371884942,2.736754371884942,7.489824492031342
56f52201,1790011257.0,1790011253.0,60,4.07,6.7976961198797445,2.7276961198797443,7.440326122407012
56f52201,1790011259.0,1790011255.0,60,4.07,6.499562586120505,2.429562586120505,5.902774359876555
56f52201,1790011261.0,1790011257.0,60,4.07,6.459858823369326,2.389858823369326,5.7114251956362185
56f52201,1790011263.0,1790011259.0,60,4.07,6.149338272814484,2.079338272814484,4.323647652791121
56f52201,1790011265.0,1790011261.0,60,4.07,5.838817722259643,1.7688177222596426,3.1287161345797903
56f52201,1790011267.0,1790011263.0,60,4.07,5.856280861625085,1.7862808616250847,3.190799316608055
56f52201,1790011269.0,1790011265.0,60,4.07,5.527337148784056,1.457337148784056,2.123831565226042
56f52201,1790011271.0,1790011267.0,60,4.07,5.606007201440287,1.5360072014402864,2.3593181228764206
56f52201,1790011273.0,1790011269.0,60,4.07,5.251269587250783,1.1812695872507826,1.3953978377636342
56f52201,1790011275.0,1790011271.0,60,4.07,4.896531973061279,0.8265319730612788,0.6831551024925705
56f52201,1790011277.0,1790011273.0,60,4.07,5.036043333333333,0.9660433333333325,0.9332397218777762
56f52201,1790011279.0,1790011275.0,60,4.07,4.64271,0.5727099999999998,0.3279967440999998
56f52201,1790011281.0,1790011277.0,60,4.07,4.945602222222222,0.8756022222222217,0.766679251560493
56f52201,1790011283.0,1790011279.0,60,6.73,4.487824444444445,2.242175555555556,5.027351221930865
56f52201,1790011285.0,1790011281.0,60,6.73,4.030046666666666,2.699953333333334,7.289748002177782
56f52201,1790011287.0,1790011283.0,60,6.73,4.578822431152897,2.1511775688471033,4.627564932710934
56f52201,1790011289.0,1790011285.0,60,6.73,3.992038407681536,2.7379615923184644,7.496433681011061
56f52201,1790011291.0,1790011287.0,60,6.73,5.456146229245849,1.273853770754151,1.6227034292645692
56f52201,1790011293.0,1790011289.0,60,6.73,4.515958191638327,2.2140418083616735,4.901981129173429
56f52201,1790011295.0,1790011291.0,60,6.73,3.575770154030806,3.1542298459691946,9.94916592120285
56f52201,1790011297.0,1790011307.0,60,6.73,8.719695605787825,1.9896956057878246,3.958888603691378
56f52201,1790011299.0,1790011309.0,60,6.73,9.816581649663268,3.086581649663268,9.52698628003802
56f52201,1790011301.0,1790011311.0,60,6.73,10.91346769353871,4.183467693538709,17.50140194288209
56f52201,1790011303.0,1790011313.0,60,6.73,12.01035373741415,5.280353737414149,27.882135592223573
56f52201,1790011305.0,1790011315.0,60,6.73,13.107239781289593,6.3772397812895925,40.669187228062526
56f52201,1790011307.0,1790011317.0,60,6.73,14.204125825165033,7.474125825165032,55.862556850398875
56f52201,1790011309.0,1790011319.0,60,6.73,10.966666666666667,4.236666666666666,17.949344444444442
56f52201,1790011311.0,1790011321.0,60,6.73,10.966666666666667,4.236666666666666,17.949344444444442
56f52201,1790011313.0,1790011323.0,60,6.73,10.966666666666667,4.236666666666666,17.949344444444442
56f52201,1790011315.0,1790011325.0,60,6.73,10.966666666666667,4.236666666666666,17.949344444444442
56f52201,1790011317.0,1790011327.0,60,8.85,10.966666666666667,2.116666666666667,4.48027777777778
56f52201,1790011319.0,1790011329.0,60,8.85,10.966666666666667,2.116666666666667,4.48027777777778
56f52201,1790011321.0,1790011331.0,60,8.85,10.966666666666667,2.116666666666667,4.48027777777778
56f52201,1790011323.0,1790011333.0,60,8.85,10.966666666666667,2.116666666666667,4.48027777777778
56f52201,1790011325.0,1790011335.0,60,8.85,10.966666666666667,2.116666666666667,4.48027777777778
56f52201,1790011327.0,1790011337.0,60,8.85,10.966666666666667,2.116666666666667,4.48027777777778
56f52201,1790011329.0,1790011339.0,60,8.85,10.966666666666667,2.116666666666667,4.48027777777778
56f52201,1790011331.0,1790011341.0,60,8.85,10.966666666666667,2.116666666666667,4.48027777777778
