ds,y
2026-09-19 12:00:00,17.81
2026-09-19 12:00:01,17.71
2026-09-19 12:00:02,13.22
2026-09-19 12:00:03,12.38
2026-09-19 12:00:04,13.66
2026-09-19 12:00:05,14.72
2026-09-19 12:00:06,17.29
2026-09-19 12:00:07,14.19
2026-09-19 12:00:08,15.72
2026-09-19 12:00:09,14.31
2026-09-19 12:00:10,14.05
2026-09-19 12:00:11,14.39
2026-09-19 12:00:12,16.37
2026-09-19 12:00:13,13.22
2026-09-19 12:00:14,18.19
2026-09-19 12:00:15,13.51
2026-09-19 12:00:16,14.65
2026-09-19 12:00:17,12.78
2026-09-19 12:00:18,17.61
2026-09-19 12:00:19,14.39
2026-09-19 12:00:20,16.92
2026-09-19 12:00:21,13.97
2026-09-19 12:00:22,14.88
2026-09-19 12:00:23,17.63
2026-09-19 12:00:24,13.8
2026-09-19 12:00:25,15.71
2026-09-19 12:00:26,16.6
2026-09-19 12:00:27,14.06
2026-09-19 12:00:28,16.91
2026-09-19 12:00:29,13.51
2026-09-19 12:00:30,13.01
2026-09-19 12:00:31,14.35
2026-09-19 12:00:32,13.87
2026-09-19 12:00:33,12.93
2026-09-19 12:00:34,13.73
2026-09-19 12:00:35,15.45
2026-09-19 12:00:36,14.55
2026-09-19 12:00:37,13.66
2026-09-19 12:00:38,15.33
2026-09-19 12:00:39,15.45
2026-09-19 12:00:40,15.82
2026-09-19 12:00:41,14.09
2026-09-19 12:00:42,13.48
2026-09-19 12:00:43,14.17
2026-09-19 12:00:44,14.06
2026-09-19 12:00:45,16.08
2026-09-19 12:00:46,15.22
2026-09-19 12:00:47,18.11
2026-09-19 12:00:48,17.3
2026-09-19 12:00:49,14.74
2026-09-19 12:00:50,14.95
2026-09-19 12:00:51,13.29
2026-09-19 12:00:52,17.6
2026-09-19 12:00:53,14.16
2026-09-19 12:00:54,14.87
2026-09-19 12:00:55,14.33
2026-09-19 12:00:56,16.98
2026-09-19 12:00:57,15.38
2026-09-19 12:00:58,16.07
2026-09-19 12:00:59,13.37
2026-09-19 12:01:00,11.82
2026-09-19 12:01:01,14.86
2026-09-19 12:01:02,14.47
2026-09-19 12:01:03,13.91
2026-09-19 12:01:04,15.16
2026-09-19 12:01:05,14.48
2026-09-19 12:01:06,14.3
2026-09-19 12:01:07,13.9
2026-09-19 12:01:08,16.5
2026-09-19 12:01:09,14.62
2026-09-19 12:01:10,14.72
2026-09-19 12:01:11,15.85
2026-09-19 12:01:12,14.74
2026-09-19 12:01:13,14.27
2026-09-19 12:01:14,15.14
2026-09-19 12:01:15,12.79
2026-09-19 12:01:16,14.75
2026-09-19 12:01:17,15.73
2026-09-19 12:01:18,14.93
2026-09-19 12:01:19,15.9
2026-09-19 12:01:20,14.54
2026-09-19 12:01:21,16.45
2026-09-19 12:01:22,14.86
2026-09-19 12:01:23,15.8
2026-09-19 12:01:24,16.52
2026-09-19 12:01:25,16.09
2026-09-19 12:01:26,12.38
2026-09-19 12:01:27,11.97
2026-09-19 12:01:28,14.32
2026-09-19 12:01:29,17.61
2026-09-19 12:01:30,14.85
2026-09-19 12:01:31,13.62
2026-09-19 12:01:32,13.8
2026-09-19 12:01:33,17.75
2026-09-19 12:01:34,17.16
2026-09-19 12:01:35,13.06
2026-09-19 12:01:36,12.85
2026-09-19 12:01:37,14.3
2026-09-19 12:01:38,14.35
2026-09-19 12:01:39,15.67
2026-09-19 12:01:40,16.16
2026-09-19 12:01:41,15.72
2026-09-19 12:01:42,16.2
2026-09-19 12:01:43,16.37
2026-09-19 12:01:44,14.62
2026-09-19 12:01:45,15.12
2026-09-19 12:01:46,15.64
2026-09-19 12:01:47,17.09
2026-09-19 12:01:48,16.0
2026-09-19 12:01:49,15.88
2026-09-19 12:01:50,13.02
2026-09-19 12:01:51,16.03
2026-09-19 12:01:52,14.85
2026-09-19 12:01:53,13.93
2026-09-19 12:01:54,18.46
2026-09-19 12:01:55,16.87
2026-09-19 12:01:56,16.06
2026-09-19 12:01:57,13.47
2026-09-19 12:01:58,15.19
2026-09-19 12:01:59,14.98
2026-09-19 12:02:00,151.89
2026-09-19 12:02:01,147.71
2026-09-19 12:02:02,153.91
2026-09-19 12:02:03,147.92
2026-09-19 12:02:04,152.01
2026-09-19 12:02:05,147.22
2026-09-19 12:02:06,153.14
2026-09-19 12:02:07,151.12
2026-09-19 12:02:08,156.62
2026-09-19 12:02:09,147.83
2026-09-19 12:02:10,151.09
2026-09-19 12:02:11,149.1
2026-09-19 12:02:12,151.1
2026-09-19 12:02:13,141.27
2026-09-19 12:02:14,152.64
2026-09-19 12:02:15,145.43
2026-09-19 12:02:16,156.02
2026-09-19 12:02:17,154.83
2026-09-19 12:02:18,147.51
2026-09-19 12:02:19,158.37
2026-09-19 12:02:20,149.09
2026-09-19 12:02:21,148.2
2026-09-19 12:02:22,158.65
2026-09-19 12:02:23,149.0
2026-09-19 12:02:24,151.24
2026-09-19 12:02:25,156.3
2026-09-19 12:02:26,156.81
2026-09-19 12:02:27,138.33
2026-09-19 12:02:28,144.54
2026-09-19 12:02:29,146.67
2026-09-19 12:02:30,156.53
2026-09-19 12:02:31,148.15
2026-09-19 12:02:32,145.7
2026-09-19 12:02:33,141.65
2026-09-19 12:02:34,152.15
2026-09-19 12:02:35,148.38
2026-09-19 12:02:36,153.85
2026-09-19 12:02:37,147.7
2026-09-19 12:02:38,154.91
2026-09-19 12:02:39,146.69
2026-09-19 12:02:40,152.5
2026-09-19 12:02:41,151.22
2026-09-19 12:02:42,152.3
2026-09-19 12:02:43,151.9
2026-09-19 12:02:44,147.38
2026-09-19 12:02:45,147.82
2026-09-19 12:02:46,150.12
2026-09-19 12:02:47,151.42
2026-09-19 12:02:48,145.67
2026-09-19 12:02:49,150.57
2026-09-19 12:02:50,144.85
2026-09-19 12:02:51,145.03
2026-09-19 12:02:52,148.99
2026-09-19 12:02:53,148.56
2026-09-19 12:02:54,154.3
2026-09-19 12:02:55,145.81
2026-09-19 12:02:56,147.88
2026-09-19 12:02:57,146.71
2026-09-19 12:02:58,152.99
2026-09-19 12:02:59,147.85
2026-09-19 12:03:00,14.79
2026-09-19 12:03:01,18.28
2026-09-19 12:03:02,15.22
2026-09-19 12:03:03,11.86
2026-09-19 12:03:04,15.59
2026-09-19 12:03:05,13.8
2026-09-19 12:03:06,13.94
2026-09-19 12:03:07,17.7
2026-09-19 12:03:08,14.27
2026-09-19 12:03:09,13.99
2026-09-19 12:03:10,15.08
2026-09-19 12:03:11,12.4
2026-09-19 12:03:12,13.61
2026-09-19 12:03:13,16.01
2026-09-19 12:03:14,10.52
2026-09-19 12:03:15,13.66
2026-09-19 12:03:16,15.42
2026-09-19 12:03:17,14.02
2026-09-19 12:03:18,15.42
2026-09-19 12:03:19,14.66
2026-09-19 12:03:20,16.33
2026-09-19 12:03:21,15.93
2026-09-19 12:03:22,17.56
2026-09-19 12:03:23,15.56
2026-09-19 12:03:24,17.15
2026-09-19 12:03:25,14.77
2026-09-19 12:03:26,12.56
2026-09-19 12:03:27,14.44
2026-09-19 12:03:28,13.32
2026-09-19 12:03:29,11.74
2026-09-19 12:03:30,16.3
2026-09-19 12:03:31,14.4
2026-09-19 12:03:32,12.59
2026-09-19 12:03:33,15.48
2026-09-19 12:03:34,14.22
2026-09-19 12:03:35,14.95
2026-09-19 12:03:36,14.61
2026-09-19 12:03:37,15.6
2026-09-19 12:03:38,15.6
2026-09-19 12:03:39,13.17
2026-09-19 12:03:40,12.2
2026-09-19 12:03:41,17.6
2026-09-19 12:03:42,13.28
2026-09-19 12:03:43,14.94
2026-09-19 12:03:44,14.77
2026-09-19 12:03:45,14.0
2026-09-19 12:03:46,16.85
2026-09-19 12:03:47,13.95
2026-09-19 12:03:48,15.21
2026-09-19 12:03:49,15.07
2026-09-19 12:03:50,16.33
2026-09-19 12:03:51,13.93
2026-09-19 12:03:52,16.82
2026-09-19 12:03:53,15.77
2026-09-19 12:03:54,16.97
2026-09-19 12:03:55,15.53
2026-09-19 12:03:56,16.15
2026-09-19 12:03:57,12.89
2026-09-19 12:03:58,14.1
2026-09-19 12:03:59,13.52
2026-09-19 12:04:00,12.61
2026-09-19 12:04:01,13.63
2026-09-19 12:04:02,18.04
2026-09-19 12:04:03,13.96
2026-09-19 12:04:04,14.95
2026-09-19 12:04:05,15.53
2026-09-19 12:04:06,16.36
2026-09-19 12:04:07,13.11
2026-09-19 12:04:08,16.93
2026-09-19 12:04:09,14.34
2026-09-19 12:04:10,17.37
2026-09-19 12:04:11,14.9
2026-09-19 12:04:12,14.37
2026-09-19 12:04:13,14.14
2026-09-19 12:04:14,16.49
2026-09-19 12:04:15,16.31
2026-09-19 12:04:16,15.78
2026-09-19 12:04:17,12.82
2026-09-19 12:04:18,14.17
2026-09-19 12:04:19,15.89
2026-09-19 12:04:20,14.76
2026-09-19 12:04:21,15.49
2026-09-19 12:04:22,15.26
2026-09-19 12:04:23,13.36
2026-09-19 12:04:24,15.57
2026-09-19 12:04:25,14.91
2026-09-19 12:04:26,14.55
2026-09-19 12:04:27,16.51
2026-09-19 12:04:28,14.5
2026-09-19 12:04:29,15.92
2026-09-19 12:04:30,12.26
2026-09-19 12:04:31,13.88
2026-09-19 12:04:32,13.49
2026-09-19 12:04:33,15.35
2026-09-19 12:04:34,12.24
2026-09-19 12:04:35,13.23
2026-09-19 12:04:36,11.72
2026-09-19 12:04:37,15.32
2026-09-19 12:04:38,15.71
2026-09-19 12:04:39,14.81
2026-09-19 12:04:40,14.62
2026-09-19 12:04:41,14.6
2026-09-19 12:04:42,17.41
2026-09-19 12:04:43,17.7
2026-09-19 12:04:44,16.3
2026-09-19 12:04:45,16.28
2026-09-19 12:04:46,16.5
2026-09-19 12:04:47,12.98
2026-09-19 12:04:48,15.51
2026-09-19 12:04:49,16.67
2026-09-19 12:04:50,16.95
2026-09-19 12:04:51,17.37
2026-09-19 12:04:52,15.05
2026-09-19 12:04:53,13.83
2026-09-19 12:04:54,14.76
2026-09-19 12:04:55,14.98
2026-09-19 12:04:56,16.72
2026-09-19 12:04:57,19.43
2026-09-19 12:04:58,13.48
2026-09-19 12:04:59,14.19
2026-09-19 12:05:00,16.84
2026-09-19 12:05:01,15.36
2026-09-19 12:05:02,14.45
2026-09-19 12:05:03,16.15
2026-09-19 12:05:04,15.89
2026-09-19 12:05:05,17.17
2026-09-19 12:05:06,16.07
2026-09-19 12:05:07,16.03
2026-09-19 12:05:08,15.72
2026-09-19 12:05:09,14.4
2026-09-19 12:05:10,16.27
2026-09-19 12:05:11,13.55
2026-09-19 12:05:12,12.78
2026-09-19 12:05:13,17.2
2026-09-19 12:05:14,16.59
2026-09-19 12:05:15,15.2
2026-09-19 12:05:16,15.75
2026-09-19 12:05:17,14.23
2026-09-19 12:05:18,13.37
2026-09-19 12:05:19,15.29
2026-09-19 12:05:20,15.55
2026-09-19 12:05:21,17.39
2026-09-19 12:05:22,16.37
2026-09-19 12:05:23,14.05
2026-09-19 12:05:24,14.33
2026-09-19 12:05:25,15.21
2026-09-19 12:05:26,15.76
2026-09-19 12:05:27,17.28
2026-09-19 12:05:28,14.31
2026-09-19 12:05:29,15.24
2026-09-19 12:05:30,16.7
2026-09-19 12:05:31,15.03
2026-09-19 12:05:32,14.59
2026-09-19 12:05:33,14.45
2026-09-19 12:05:34,14.24
2026-09-19 12:05:35,14.17
2026-09-19 12:05:36,13.69
2026-09-19 12:05:37,15.93
2026-09-19 12:05:38,16.06
2026-09-19 12:05:39,14.23
2026-09-19 12:05:40,16.02
2026-09-19 12:05:41,16.62
2026-09-19 12:05:42,14.18
2026-09-19 12:05:43,14.88
2026-09-19 12:05:44,15.04
2026-09-19 12:05:45,13.35
2026-09-19 12:05:46,12.19
2026-09-19 12:05:47,13.6
2026-09-19 12:05:48,15.11
2026-09-19 12:05:49,13.96
2026-09-19 12:05:50,14.29
2026-09-19 12:05:51,13.39
2026-09-19 12:05:52,16.24
2026-09-19 12:05:53,12.5
2026-09-19 12:05:54,14.13
2026-09-19 12:05:55,13.42
2026-09-19 12:05:56,13.32
2026-09-19 12:05:57,14.59
2026-09-19 12:05:58,16.68
2026-09-19 12:05:59,13.42
2026-09-19 12:06:00,146.13
2026-09-19 12:06:01,155.88
2026-09-19 12:06:02,149.62
2026-09-19 12:06:03,150.66
2026-09-19 12:06:04,157.34
2026-09-19 12:06:05,152.11
2026-09-19 12:06:06,148.05
2026-09-19 12:06:07,148.05
2026-09-19 12:06:08,142.21
2026-09-19 12:06:09,147.24
2026-09-19 12:06:10,151.97
2026-09-19 12:06:11,149.46
2026-09-19 12:06:12,156.15
2026-09-19 12:06:13,144.46
2026-09-19 12:06:14,151.25
2026-09-19 12:06:15,152.23
2026-09-19 12:06:16,150.08
2026-09-19 12:06:17,148.82
2026-09-19 12:06:18,154.06
2026-09-19 12:06:19,155.34
2026-09-19 12:06:20,151.69
2026-09-19 12:06:21,144.66
2026-09-19 12:06:22,152.47
2026-09-19 12:06:23,149.15
2026-09-19 12:06:24,154.01
2026-09-19 12:06:25,145.55
2026-09-19 12:06:26,144.92
2026-09-19 12:06:27,156.21
2026-09-19 12:06:28,149.3
2026-09-19 12:06:29,149.11
2026-09-19 12:06:30,143.61
2026-09-19 12:06:31,150.15
2026-09-19 12:06:32,158.79
2026-09-19 12:06:33,150.02
2026-09-19 12:06:34,152.76
2026-09-19 12:06:35,149.59
2026-09-19 12:06:36,145.13
2026-09-19 12:06:37,138.13
2026-09-19 12:06:38,151.36
2026-09-19 12:06:39,152.83
2026-09-19 12:06:40,149.02
2026-09-19 12:06:41,141.12
2026-09-19 12:06:42,151.78
2026-09-19 12:06:43,153.83
2026-09-19 12:06:44,142.86
2026-09-19 12:06:45,154.95
2026-09-19 12:06:46,146.78
2026-09-19 12:06:47,144.42
2026-09-19 12:06:48,148.99
2026-09-19 12:06:49,146.47
2026-09-19 12:06:50,150.05
2026-09-19 12:06:51,153.25
2026-09-19 12:06:52,149.81
2026-09-19 12:06:53,146.6
2026-09-19 12:06:54,145.87
2026-09-19 12:06:55,150.9
2026-09-19 12:06:56,145.62
2026-09-19 12:06:57,158.12
2026-09-19 12:06:58,156.86
2026-09-19 12:06:59,153.43
2026-09-19 12:07:00,15.43
2026-09-19 12:07:01,14.53
2026-09-19 12:07:02,13.07
2026-09-19 12:07:03,14.55
2026-09-19 12:07:04,15.13
2026-09-19 12:07:05,16.53
2026-09-19 12:07:06,13.64
2026-09-19 12:07:07,14.76
2026-09-19 12:07:08,13.43
2026-09-19 12:07:09,13.59
2026-09-19 12:07:10,12.76
2026-09-19 12:07:11,13.55
2026-09-19 12:07:12,15.65
2026-09-19 12:07:13,13.61
2026-09-19 12:07:14,10.76
2026-09-19 12:07:15,14.46
2026-09-19 12:07:16,13.93
2026-09-19 12:07:17,12.13
2026-09-19 12:07:18,13.52
2026-09-19 12:07:19,14.29
2026-09-19 12:07:20,13.58
2026-09-19 12:07:21,15.28
2026-09-19 12:07:22,14.72
2026-09-19 12:07:23,16.29
2026-09-19 12:07:24,16.18
2026-09-19 12:07:25,16.8
2026-09-19 12:07:26,13.39
2026-09-19 12:07:27,15.67
2026-09-19 12:07:28,16.84
2026-09-19 12:07:29,16.18
2026-09-19 12:07:30,15.46
2026-09-19 12:07:31,14.93
2026-09-19 12:07:32,16.96
2026-09-19 12:07:33,15.98
2026-09-19 12:07:34,13.62
2026-09-19 12:07:35,14.63
2026-09-19 12:07:36,13.92
2026-09-19 12:07:37,11.56
2026-09-19 12:07:38,14.6
2026-09-19 12:07:39,13.76
2026-09-19 12:07:40,15.76
2026-09-19 12:07:41,14.54
2026-09-19 12:07:42,16.15
2026-09-19 12:07:43,18.29
2026-09-19 12:07:44,16.94
2026-09-19 12:07:45,16.18
2026-09-19 12:07:46,14.35
2026-09-19 12:07:47,16.04
2026-09-19 12:07:48,14.44
2026-09-19 12:07:49,11.66
2026-09-19 12:07:50,12.95
2026-09-19 12:07:51,16.17
2026-09-19 12:07:52,15.67
2026-09-19 12:07:53,14.68
2026-09-19 12:07:54,15.57
2026-09-19 12:07:55,16.13
2026-09-19 12:07:56,14.88
2026-09-19 12:07:57,13.83
2026-09-19 12:07:58,17.18
2026-09-19 12:07:59,17.43
2026-09-19 12:08:00,13.79
2026-09-19 12:08:01,13.9
2026-09-19 12:08:02,12.71
2026-09-19 12:08:03,15.18
2026-09-19 12:08:04,14.54
2026-09-19 12:08:05,15.0
2026-09-19 12:08:06,13.88
2026-09-19 12:08:07,14.4
2026-09-19 12:08:08,13.5
2026-09-19 12:08:09,11.87
2026-09-19 12:08:10,16.89
2026-09-19 12:08:11,16.34
2026-09-19 12:08:12,18.1
2026-09-19 12:08:13,17.14
2026-09-19 12:08:14,16.05
2026-09-19 12:08:15,14.94
2026-09-19 12:08:16,14.13
2026-09-19 12:08:17,16.45
2026-09-19 12:08:18,14.13
2026-09-19 12:08:19,16.92
2026-09-19 12:08:20,14.44
2026-09-19 12:08:21,14.84
2026-09-19 12:08:22,15.92
2026-09-19 12:08:23,15.32
2026-09-19 12:08:24,15.98
2026-09-19 12:08:25,14.46
2026-09-19 12:08:26,14.25
2026-09-19 12:08:27,17.57
2026-09-19 12:08:28,16.51
2026-09-19 12:08:29,18.96
2026-09-19 12:08:30,15.61
2026-09-19 12:08:31,11.44
2026-09-19 12:08:32,16.18
2026-09-19 12:08:33,13.39
2026-09-19 12:08:34,17.46
2026-09-19 12:08:35,14.09
2026-09-19 12:08:36,15.39
2026-09-19 12:08:37,13.2
2026-09-19 12:08:38,14.09
2026-09-19 12:08:39,14.57
2026-09-19 12:08:40,14.68
2026-09-19 12:08:41,14.99
2026-09-19 12:08:42,14.69
2026-09-19 12:08:43,13.78
2026-09-19 12:08:44,16.47
2026-09-19 12:08:45,14.02
2026-09-19 12:08:46,12.94
2026-09-19 12:08:47,14.23
2026-09-19 12:08:48,17.53
2026-09-19 12:08:49,16.74
2026-09-19 12:08:50,17.4
2026-09-19 12:08:51,14.13
2026-09-19 12:08:52,14.7
2026-09-19 12:08:53,13.14
2026-09-19 12:08:54,11.01
2026-09-19 12:08:55,15.74
2026-09-19 12:08:56,16.64
2026-09-19 12:08:57,14.08
2026-09-19 12:08:58,14.77
2026-09-19 12:08:59,13.56
2026-09-19 12:09:00,14.49
2026-09-19 12:09:01,15.58
2026-09-19 12:09:02,16.32
2026-09-19 12:09:03,15.09
2026-09-19 12:09:04,13.76
2026-09-19 12:09:05,14.58
2026-09-19 12:09:06,13.32
2026-09-19 12:09:07,12.01
2026-09-19 12:09:08,13.65
2026-09-19 12:09:09,13.41
2026-09-19 12:09:10,15.68
2026-09-19 12:09:11,15.41
2026-09-19 12:09:12,14.62
2026-09-19 12:09:13,16.81
2026-09-19 12:09:14,15.18
2026-09-19 12:09:15,15.14
2026-09-19 12:09:16,15.18
2026-09-19 12:09:17,16.36
2026-09-19 12:09:18,17.25
2026-09-19 12:09:19,12.94
2026-09-19 12:09:20,15.8
2026-09-19 12:09:21,16.62
2026-09-19 12:09:22,16.38
2026-09-19 12:09:23,15.38
2026-09-19 12:09:24,15.44
2026-09-19 12:09:25,16.68
2026-09-19 12:09:26,16.05
2026-09-19 12:09:27,15.55
2026-09-19 12:09:28,16.84
2026-09-19 12:09:29,14.34
2026-09-19 12:09:30,16.39
2026-09-19 12:09:31,15.24
2026-09-19 12:09:32,14.61
2026-09-19 12:09:33,13.87
2026-09-19 12:09:34,14.24
2026-09-19 12:09:35,11.2
2026-09-19 12:09:36,14.31
2026-09-19 12:09:37,13.11
2026-09-19 12:09:38,14.65
2026-09-19 12:09:39,13.6
2026-09-19 12:09:40,13.61
2026-09-19 12:09:41,13.92
2026-09-19 12:09:42,15.35
2026-09-19 12:09:43,16.02
2026-09-19 12:09:44,15.84
2026-09-19 12:09:45,14.14
2026-09-19 12:09:46,14.31
2026-09-19 12:09:47,14.4
2026-09-19 12:09:48,11.17
2026-09-19 12:09:49,14.25
2026-09-19 12:09:50,13.65
2026-09-19 12:09:51,13.21
2026-09-19 12:09:52,13.87
2026-09-19 12:09:53,14.41
2026-09-19 12:09:54,15.04
2026-09-19 12:09:55,13.9
2026-09-19 12:09:56,15.1
2026-09-19 12:09:57,15.32
2026-09-19 12:09:58,14.3
2026-09-19 12:09:59,12.94
2026-09-19 12:00:00,87.35
2026-09-19 12:00:01,85.0
2026-09-19 12:00:02,87.15
2026-09-19 12:00:03,95.57
2026-09-19 12:00:04,98.97
2026-09-19 12:00:05,98.38
2026-09-19 12:00:06,105.44
2026-09-19 12:00:07,105.95
2026-09-19 12:00:08,114.94
2026-09-19 12:00:09,112.79
2026-09-19 12:00:10,117.09
2026-09-19 12:00:11,120.92
2026-09-19 12:00:12,122.15
2026-09-19 12:00:13,127.06
2026-09-19 12:00:14,130.33
2026-09-19 12:00:15,126.9
2026-09-19 12:00:16,132.22
2026-09-19 12:00:17,133.13
2026-09-19 12:00:18,136.07
2026-09-19 12:00:19,140.14
2026-09-19 12:00:20,140.0
2026-09-19 12:00:21,141.54
2026-09-19 12:00:22,144.1
2026-09-19 12:00:23,142.19
2026-09-19 12:00:24,145.7
2026-09-19 12:00:25,146.34
2026-09-19 12:00:26,149.45
2026-09-19 12:00:27,150.29
2026-09-19 12:00:28,149.38
2026-09-19 12:00:29,150.02
2026-09-19 12:00:30,147.23
2026-09-19 12:00:31,150.5
2026-09-19 12:00:32,146.98
2026-09-19 12:00:33,150.0
2026-09-19 12:00:34,152.15
2026-09-19 12:00:35,149.16
2026-09-19 12:00:36,146.95
2026-09-19 12:00:37,144.66
2026-09-19 12:00:38,142.95
2026-09-19 12:00:39,137.9
2026-09-19 12:00:40,147.63
2026-09-19 12:00:41,137.71
2026-09-19 12:00:42,135.76
2026-09-19 12:00:43,136.23
2026-09-19 12:00:44,135.15
2026-09-19 12:00:45,128.57
2026-09-19 12:00:46,132.28
2026-09-19 12:00:47,124.24
2026-09-19 12:00:48,120.91
2026-09-19 12:00:49,121.46
2026-09-19 12:00:50,117.94
2026-09-19 12:00:51,114.99
2026-09-19 12:00:52,114.07
2026-09-19 12:00:53,109.32
2026-09-19 12:00:54,106.88
2026-09-19 12:00:55,104.75
2026-09-19 12:00:56,104.28
2026-09-19 12:00:57,95.06
2026-09-19 12:00:58,92.41
2026-09-19 12:00:59,88.45
2026-09-19 12:01:00,83.44
2026-09-19 12:01:01,81.47
2026-09-19 12:01:02,75.52
2026-09-19 12:01:03,73.8
2026-09-19 12:01:04,66.01
2026-09-19 12:01:05,71.1
2026-09-19 12:01:06,63.87
2026-09-19 12:01:07,58.19
2026-09-19 12:01:08,60.35
2026-09-19 12:01:09,52.6
2026-09-19 12:01:10,53.45
2026-09-19 12:01:11,46.58
2026-09-19 12:01:12,44.7
2026-09-19 12:01:13,45.64
2026-09-19 12:01:14,39.53
2026-09-19 12:01:15,37.61
2026-09-19 12:01:16,33.64
2026-09-19 12:01:17,33.71
2026-09-19 12:01:18,33.51
2026-09-19 12:01:19,32.15
2026-09-19 12:01:20,28.11
2026-09-19 12:01:21,26.71
2026-09-19 12:01:22,26.04
2026-09-19 12:01:23,25.14
2026-09-19 12:01:24,19.09
2026-09-19 12:01:25,24.07
2026-09-19 12:01:26,23.44
2026-09-19 12:01:27,16.3
2026-09-19 12:01:28,19.52
2026-09-19 12:01:29,23.29
2026-09-19 12:01:30,18.13
2026-09-19 12:01:31,17.42
2026-09-19 12:01:32,21.81
2026-09-19 12:01:33,19.41
2026-09-19 12:01:34,20.77
2026-09-19 12:01:35,20.53
2026-09-19 12:01:36,28.09
2026-09-19 12:01:37,24.82
2026-09-19 12:01:38,23.73
2026-09-19 12:01:39,22.29
2026-09-19 12:01:40,25.88
2026-09-19 12:01:41,29.88
2026-09-19 12:01:42,35.08
2026-09-19 12:01:43,39.08
2026-09-19 12:01:44,41.62
2026-09-19 12:01:45,42.1
2026-09-19 12:01:46,42.1
2026-09-19 12:01:47,44.5
2026-09-19 12:01:48,44.92
2026-09-19 12:01:49,52.78
2026-09-19 12:01:50,52.23
2026-09-19 12:01:51,56.51
2026-09-19 12:01:52,62.1
2026-09-19 12:01:53,60.05
2026-09-19 12:01:54,62.28
2026-09-19 12:01:55,70.09
2026-09-19 12:01:56,71.92
2026-09-19 12:01:57,76.93
2026-09-19 12:01:58,75.38
2026-09-19 12:01:59,78.06
2026-09-19 12:02:00,86.45
2026-09-19 12:02:01,90.75
2026-09-19 12:02:02,89.49
2026-09-19 12:02:03,90.11
2026-09-19 12:02:04,102.36
2026-09-19 12:02:05,103.74
2026-09-19 12:02:06,104.96
2026-09-19 12:02:07,106.82
2026-09-19 12:02:08,112.5
2026-09-19 12:02:09,116.97
2026-09-19 12:02:10,120.06
2026-09-19 12:02:11,120.87
2026-09-19 12:02:12,121.82
2026-09-19 12:02:13,126.22
2026-09-19 12:02:14,127.47
2026-09-19 12:02:15,129.07
2026-09-19 12:02:16,133.73
2026-09-19 12:02:17,131.75
2026-09-19 12:02:18,136.11
2026-09-19 12:02:19,137.29
2026-09-19 12:02:20,143.55
2026-09-19 12:02:21,140.67
2026-09-19 12:02:22,145.87
2026-09-19 12:02:23,147.19
2026-09-19 12:02:24,146.86
2026-09-19 12:02:25,152.17
2026-09-19 12:02:26,145.85
2026-09-19 12:02:27,149.8
2026-09-19 12:02:28,146.63
2026-09-19 12:02:29,150.36
2026-09-19 12:02:30,150.99
2026-09-19 12:02:31,149.48
2026-09-19 12:02:32,151.54
2026-09-19 12:02:33,144.79
2026-09-19 12:02:34,148.19
2026-09-19 12:02:35,145.02
2026-09-19 12:02:36,146.87
2026-09-19 12:02:37,149.62
2026-09-19 12:02:38,142.23
2026-09-19 12:02:39,141.79
2026-09-19 12:02:40,140.48
2026-09-19 12:02:41,140.81
2026-09-19 12:02:42,138.99
2026-09-19 12:02:43,136.17
2026-09-19 12:02:44,135.31
2026-09-19 12:02:45,131.29
2026-09-19 12:02:46,128.51
2026-09-19 12:02:47,124.27
2026-09-19 12:02:48,121.62
2026-09-19 12:02:49,119.29
2026-09-19 12:02:50,123.71
2026-09-19 12:02:51,111.02
2026-09-19 12:02:52,111.21
2026-09-19 12:02:53,110.77
2026-09-19 12:02:54,102.78
2026-09-19 12:02:55,103.61
2026-09-19 12:02:56,103.19
2026-09-19 12:02:57,93.37
2026-09-19 12:02:58,87.85
2026-09-19 12:02:59,89.41
2026-09-19 12:03:00,86.27
2026-09-19 12:03:01,76.55
2026-09-19 12:03:02,78.39
2026-09-19 12:03:03,81.67
2026-09-19 12:03:04,74.29
2026-09-19 12:03:05,65.73
2026-09-19 12:03:06,64.0
2026-09-19 12:03:07,60.8
2026-09-19 12:03:08,57.92
2026-09-19 12:03:09,59.25
2026-09-19 12:03:10,51.57
2026-09-19 12:03:11,49.03
2026-09-19 12:03:12,50.08
2026-09-19 12:03:13,40.03
2026-09-19 12:03:14,38.13
2026-09-19 12:03:15,37.66
2026-09-19 12:03:16,39.21
2026-09-19 12:03:17,35.92
2026-09-19 12:03:18,31.93
2026-09-19 12:03:19,27.29
2026-09-19 12:03:20,27.06
2026-09-19 12:03:21,24.4
2026-09-19 12:03:22,26.05
2026-09-19 12:03:23,24.51
2026-09-19 12:03:24,23.46
2026-09-19 12:03:25,21.32
2026-09-19 12:03:26,17.56
2026-09-19 12:03:27,24.68
2026-09-19 12:03:28,22.88
2026-09-19 12:03:29,20.4
2026-09-19 12:03:30,22.34
2026-09-19 12:03:31,23.2
2026-09-19 12:03:32,15.69
2026-09-19 12:03:33,22.89
2026-09-19 12:03:34,17.61
2026-09-19 12:03:35,22.49
2026-09-19 12:03:36,27.99
2026-09-19 12:03:37,26.15
2026-09-19 12:03:38,23.06
2026-09-19 12:03:39,27.33
2026-09-19 12:03:40,30.49
2026-09-19 12:03:41,29.14
2026-09-19 12:03:42,32.67
2026-09-19 12:03:43,32.11
2026-09-19 12:03:44,37.67
2026-09-19 12:03:45,39.66
2026-09-19 12:03:46,41.43
2026-09-19 12:03:47,44.53
2026-09-19 12:03:48,42.91
2026-09-19 12:03:49,48.76
2026-09-19 12:03:50,54.82
2026-09-19 12:03:51,55.83
2026-09-19 12:03:52,59.39
2026-09-19 12:03:53,57.36
2026-09-19 12:03:54,56.9
2026-09-19 12:03:55,65.67
2026-09-19 12:03:56,70.02
2026-09-19 12:03:57,76.54
2026-09-19 12:03:58,77.31
2026-09-19 12:03:59,80.25
2026-09-19 12:04:00,85.93
2026-09-19 12:04:01,85.52
2026-09-19 12:04:02,95.38
2026-09-19 12:04:03,94.85
2026-09-19 12:04:04,96.84
2026-09-19 12:04:05,105.3
2026-09-19 12:04:06,102.39
2026-09-19 12:04:07,106.23
2026-09-19 12:04:08,113.07
2026-09-19 12:04:09,112.46
2026-09-19 12:04:10,117.05
2026-09-19 12:04:11,118.49
2026-09-19 12:04:12,123.41
2026-09-19 12:04:13,122.73
2026-09-19 12:04:14,132.15
2026-09-19 12:04:15,131.63
2026-09-19 12:04:16,131.23
2026-09-19 12:04:17,137.28
2026-09-19 12:04:18,134.12
2026-09-19 12:04:19,142.97
2026-09-19 12:04:20,144.4
2026-09-19 12:04:21,144.31
2026-09-19 12:04:22,143.9
2026-09-19 12:04:23,140.85
2026-09-19 12:04:24,142.48
2026-09-19 12:04:25,144.67
2026-09-19 12:04:26,145.22
2026-09-19 12:04:27,148.56
2026-09-19 12:04:28,147.82
2026-09-19 12:04:29,145.2
2026-09-19 12:04:30,149.4
2026-09-19 12:04:31,152.45
2026-09-19 12:04:32,151.48
2026-09-19 12:04:33,153.38
2026-09-19 12:04:34,147.79
2026-09-19 12:04:35,151.99
2026-09-19 12:04:36,148.3
2026-09-19 12:04:37,147.76
2026-09-19 12:04:38,140.97
2026-09-19 12:04:39,147.69
2026-09-19 12:04:40,142.57
2026-09-19 12:04:41,138.5
2026-09-19 12:04:42,138.27
2026-09-19 12:04:43,141.97
2026-09-19 12:04:44,134.94
2026-09-19 12:04:45,130.68
2026-09-19 12:04:46,133.2
2026-09-19 12:04:47,121.8
2026-09-19 12:04:48,123.35
2026-09-19 12:04:49,122.06
2026-09-19 12:04:50,115.89
2026-09-19 12:04:51,116.07
2026-09-19 12:04:52,118.42
2026-09-19 12:04:53,108.19
2026-09-19 12:04:54,105.86
2026-09-19 12:04:55,99.95
2026-09-19 12:04:56,99.49
2026-09-19 12:04:57,91.88
2026-09-19 12:04:58,90.55
2026-09-19 12:04:59,87.89
2026-09-19 12:05:00,86.38
2026-09-19 12:05:01,81.83
2026-09-19 12:05:02,78.89
2026-09-19 12:05:03,72.73
2026-09-19 12:05:04,72.32
2026-09-19 12:05:05,66.49
2026-09-19 12:05:06,60.39
2026-09-19 12:05:07,63.5
2026-09-19 12:05:08,53.8
2026-09-19 12:05:09,54.09
2026-09-19 12:05:10,51.87
2026-09-19 12:05:11,50.29
2026-09-19 12:05:12,48.86
2026-09-19 12:05:13,44.68
2026-09-19 12:05:14,38.3
2026-09-19 12:05:15,38.95
2026-09-19 12:05:16,34.19
2026-09-19 12:05:17,34.65
2026-09-19 12:05:18,30.51
2026-09-19 12:05:19,31.75
2026-09-19 12:05:20,29.21
2026-09-19 12:05:21,24.21
2026-09-19 12:05:22,24.81
2026-09-19 12:05:23,25.26
2026-09-19 12:05:24,23.52
2026-09-19 12:05:25,21.14
2026-09-19 12:05:26,19.07
2026-09-19 12:05:27,19.96
2026-09-19 12:05:28,22.61
2026-09-19 12:05:29,23.14
2026-09-19 12:05:30,19.12
2026-09-19 12:05:31,20.42
2026-09-19 12:05:32,25.47
2026-09-19 12:05:33,21.41
2026-09-19 12:05:34,20.2
2026-09-19 12:05:35,23.15
2026-09-19 12:05:36,20.82
2026-09-19 12:05:37,26.49
2026-09-19 12:05:38,24.3
2026-09-19 12:05:39,28.32
2026-09-19 12:05:40,28.97
2026-09-19 12:05:41,32.06
2026-09-19 12:05:42,29.85
2026-09-19 12:05:43,36.17
2026-09-19 12:05:44,37.53
2026-09-19 12:05:45,39.73
2026-09-19 12:05:46,44.35
2026-09-19 12:05:47,43.36
2026-09-19 12:05:48,42.22
2026-09-19 12:05:49,51.72
2026-09-19 12:05:50,53.4
2026-09-19 12:05:51,54.75
2026-09-19 12:05:52,63.0
2026-09-19 12:05:53,62.28
2026-09-19 12:05:54,62.68
2026-09-19 12:05:55,67.87
2026-09-19 12:05:56,72.98
2026-09-19 12:05:57,71.56
2026-09-19 12:05:58,80.48
2026-09-19 12:05:59,81.4
2026-09-19 12:06:00,89.23
2026-09-19 12:06:01,89.56
2026-09-19 12:06:02,93.35
2026-09-19 12:06:03,93.65
2026-09-19 12:06:04,98.39
2026-09-19 12:06:05,104.71
2026-09-19 12:06:06,104.71
2026-09-19 12:06:07,106.44
2026-09-19 12:06:08,111.88
2026-09-19 12:06:09,112.48
2026-09-19 12:06:10,118.28
2026-09-19 12:06:11,119.81
2026-09-19 12:06:12,124.84
2026-09-19 12:06:13,122.64
2026-09-19 12:06:14,120.91
2026-09-19 12:06:15,133.26
2026-09-19 12:06:16,131.53
2026-09-19 12:06:17,140.29
2026-09-19 12:06:18,136.62
2026-09-19 12:06:19,138.21
2026-09-19 12:06:20,142.81
2026-09-19 12:06:21,139.27
2026-09-19 12:06:22,141.92
2026-09-19 12:06:23,148.77
2026-09-19 12:06:24,142.68
2026-09-19 12:06:25,148.46
2026-09-19 12:06:26,148.63
2026-09-19 12:06:27,149.31
2026-09-19 12:06:28,142.76
2026-09-19 12:06:29,144.75
2026-09-19 12:06:30,151.71
2026-09-19 12:06:31,153.2
2026-09-19 12:06:32,152.72
2026-09-19 12:06:33,146.98
2026-09-19 12:06:34,147.66
2026-09-19 12:06:35,148.21
2026-09-19 12:06:36,141.71
2026-09-19 12:06:37,143.84
2026-09-19 12:06:38,143.94
2026-09-19 12:06:39,143.78
2026-09-19 12:06:40,137.6
2026-09-19 12:06:41,135.86
2026-09-19 12:06:42,142.0
2026-09-19 12:06:43,138.95
2026-09-19 12:06:44,136.46
2026-09-19 12:06:45,127.57
2026-09-19 12:06:46,133.15
2026-09-19 12:06:47,124.65
2026-09-19 12:06:48,118.56
2026-09-19 12:06:49,118.65
2026-09-19 12:06:50,117.79
2026-09-19 12:06:51,113.06
2026-09-19 12:06:52,112.2
2026-09-19 12:06:53,106.27
2026-09-19 12:06:54,100.47
2026-09-19 12:06:55,105.45
2026-09-19 12:06:56,102.88
2026-09-19 12:06:57,93.03
2026-09-19 12:06:58,91.99
2026-09-19 12:06:59,87.87
2026-09-19 12:07:00,85.58
2026-09-19 12:07:01,81.91
2026-09-19 12:07:02,75.33
2026-09-19 12:07:03,74.07
2026-09-19 12:07:04,71.11
2026-09-19 12:07:05,69.95
2026-09-19 12:07:06,61.45
2026-09-19 12:07:07,61.2
2026-09-19 12:07:08,59.67
2026-09-19 12:07:09,56.61
2026-09-19 12:07:10,54.4
2026-09-19 12:07:11,44.86
2026-09-19 12:07:12,45.43
2026-09-19 12:07:13,47.25
2026-09-19 12:07:14,41.39
2026-09-19 12:07:15,40.64
2026-09-19 12:07:16,35.8
2026-09-19 12:07:17,33.18
2026-09-19 12:07:18,30.87
2026-09-19 12:07:19,27.47
2026-09-19 12:07:20,27.68
2026-09-19 12:07:21,26.09
2026-09-19 12:07:22,21.74
2026-09-19 12:07:23,19.56
2026-09-19 12:07:24,26.1
2026-09-19 12:07:25,20.77
2026-09-19 12:07:26,22.72
2026-09-19 12:07:27,22.34
2026-09-19 12:07:28,20.48
2026-09-19 12:07:29,21.97
2026-09-19 12:07:30,12.39
2026-09-19 12:07:31,17.72
2026-09-19 12:07:32,22.42
2026-09-19 12:07:33,20.63
2026-09-19 12:07:34,21.88
2026-09-19 12:07:35,25.12
2026-09-19 12:07:36,23.03
2026-09-19 12:07:37,24.35
2026-09-19 12:07:38,25.06
2026-09-19 12:07:39,31.34
2026-09-19 12:07:40,29.62
2026-09-19 12:07:41,28.38
2026-09-19 12:07:42,29.63
2026-09-19 12:07:43,34.37
2026-09-19 12:07:44,35.66
2026-09-19 12:07:45,39.17
2026-09-19 12:07:46,46.14
2026-09-19 12:07:47,45.61
2026-09-19 12:07:48,46.44
2026-09-19 12:07:49,48.73
2026-09-19 12:07:50,52.35
2026-09-19 12:07:51,57.58
2026-09-19 12:07:52,62.27
2026-09-19 12:07:53,62.11
2026-09-19 12:07:54,64.66
2026-09-19 12:07:55,71.25
2026-09-19 12:07:56,70.73
2026-09-19 12:07:57,76.9
2026-09-19 12:07:58,77.26
2026-09-19 12:07:59,78.92
2026-09-19 12:08:00,84.04
2026-09-19 12:08:01,88.25
2026-09-19 12:08:02,87.73
2026-09-19 12:08:03,87.54
2026-09-19 12:08:04,101.45
2026-09-19 12:08:05,99.95
2026-09-19 12:08:06,103.55
2026-09-19 12:08:07,114.67
2026-09-19 12:08:08,109.55
2026-09-19 12:08:09,110.09
2026-09-19 12:08:10,117.61
2026-09-19 12:08:11,118.2
2026-09-19 12:08:12,125.02
2026-09-19 12:08:13,121.79
2026-09-19 12:08:14,128.03
2026-09-19 12:08:15,128.02
2026-09-19 12:08:16,133.5
2026-09-19 12:08:17,134.74
2026-09-19 12:08:18,135.74
2026-09-19 12:08:19,140.89
2026-09-19 12:08:20,139.68
2026-09-19 12:08:21,137.34
2026-09-19 12:08:22,141.77
2026-09-19 12:08:23,143.16
2026-09-19 12:08:24,147.0
2026-09-19 12:08:25,150.59
2026-09-19 12:08:26,149.02
2026-09-19 12:08:27,151.31
2026-09-19 12:08:28,147.95
2026-09-19 12:08:29,145.58
2026-09-19 12:08:30,151.96
2026-09-19 12:08:31,147.43
2026-09-19 12:08:32,148.31
2026-09-19 12:08:33,150.57
2026-09-19 12:08:34,148.43
2026-09-19 12:08:35,145.09
2026-09-19 12:08:36,150.23
2026-09-19 12:08:37,146.33
2026-09-19 12:08:38,151.32
2026-09-19 12:08:39,143.82
2026-09-19 12:08:40,141.21
2026-09-19 12:08:41,140.05
2026-09-19 12:08:42,134.58
2026-09-19 12:08:43,134.8
2026-09-19 12:08:44,133.81
2026-09-19 12:08:45,129.47
2026-09-19 12:08:46,130.47
2026-09-19 12:08:47,125.61
2026-09-19 12:08:48,123.95
2026-09-19 12:08:49,119.91
2026-09-19 12:08:50,122.0
2026-09-19 12:08:51,113.13
2026-09-19 12:08:52,113.34
2026-09-19 12:08:53,113.06
2026-09-19 12:08:54,104.53
2026-09-19 12:08:55,103.66
2026-09-19 12:08:56,95.73
2026-09-19 12:08:57,94.65
2026-09-19 12:08:58,90.17
2026-09-19 12:08:59,84.17
2026-09-19 12:09:00,83.52
2026-09-19 12:09:01,82.0
2026-09-19 12:09:02,74.06
2026-09-19 12:09:03,77.03
2026-09-19 12:09:04,71.09
2026-09-19 12:09:05,66.05
2026-09-19 12:09:06,63.8
2026-09-19 12:09:07,58.17
2026-09-19 12:09:08,59.79
2026-09-19 12:09:09,52.93
2026-09-19 12:09:10,51.89
2026-09-19 12:09:11,48.68
2026-09-19 12:09:12,46.02
2026-09-19 12:09:13,38.34
2026-09-19 12:09:14,41.14
2026-09-19 12:09:15,37.1
2026-09-19 12:09:16,37.32
2026-09-19 12:09:17,34.85
2026-09-19 12:09:18,32.1
2026-09-19 12:09:19,26.29
2026-09-19 12:09:20,27.61
2026-09-19 12:09:21,23.27
2026-09-19 12:09:22,28.26
2026-09-19 12:09:23,23.36
2026-09-19 12:09:24,28.14
2026-09-19 12:09:25,21.2
2026-09-19 12:09:26,19.08
2026-09-19 12:09:27,16.53
2026-09-19 12:09:28,21.89
2026-09-19 12:09:29,20.8
2026-09-19 12:09:30,18.71
2026-09-19 12:09:31,17.31
2026-09-19 12:09:32,19.67
2026-09-19 12:09:33,21.67
2026-09-19 12:09:34,20.9
2026-09-19 12:09:35,26.14
2026-09-19 12:09:36,17.15
2026-09-19 12:09:37,23.29
2026-09-19 12:09:38,24.28
2026-09-19 12:09:39,28.8
2026-09-19 12:09:40,35.01
2026-09-19 12:09:41,29.06
2026-09-19 12:09:42,30.26
2026-09-19 12:09:43,35.95
2026-09-19 12:09:44,36.35
2026-09-19 12:09:45,36.6
2026-09-19 12:09:46,42.85
2026-09-19 12:09:47,43.4
2026-09-19 12:09:48,48.77
2026-09-19 12:09:49,54.58
2026-09-19 12:09:50,55.2
2026-09-19 12:09:51,58.89
2026-09-19 12:09:52,61.23
2026-09-19 12:09:53,64.35
2026-09-19 12:09:54,65.95
2026-09-19 12:09:55,68.51
2026-09-19 12:09:56,71.0
2026-09-19 12:09:57,72.07
2026-09-19 12:09:58,76.47
2026-09-19 12:09:59,82.7
2026-09-19 12:00:00,14.65
2026-09-19 12:00:01,17.5
2026-09-19 12:00:02,15.15
2026-09-19 12:00:03,17.24
2026-09-19 12:00:04,17.35
2026-09-19 12:00:05,17.75
2026-09-19 12:00:06,22.47
2026-09-19 12:00:07,15.97
2026-09-19 12:00:08,21.32
2026-09-19 12:00:09,19.81
2026-09-19 12:00:10,18.15
2026-09-19 12:00:11,20.73
2026-09-19 12:00:12,21.43
2026-09-19 12:00:13,19.62
2026-09-19 12:00:14,24.58
2026-09-19 12:00:15,22.4
2026-09-19 12:00:16,25.47
2026-09-19 12:00:17,23.09
2026-09-19 12:00:18,23.37
2026-09-19 12:00:19,27.31
2026-09-19 12:00:20,26.99
2026-09-19 12:00:21,27.22
2026-09-19 12:00:22,26.26
2026-09-19 12:00:23,25.59
2026-09-19 12:00:24,27.9
2026-09-19 12:00:25,27.57
2026-09-19 12:00:26,28.17
2026-09-19 12:00:27,31.52
2026-09-19 12:00:28,29.8
2026-09-19 12:00:29,30.37
2026-09-19 12:00:30,30.55
2026-09-19 12:00:31,33.82
2026-09-19 12:00:32,29.79
2026-09-19 12:00:33,35.11
2026-09-19 12:00:34,33.83
2026-09-19 12:00:35,36.11
2026-09-19 12:00:36,35.66
2026-09-19 12:00:37,36.9
2026-09-19 12:00:38,35.2
2026-09-19 12:00:39,33.23
2026-09-19 12:00:40,38.51
2026-09-19 12:00:41,37.46
2026-09-19 12:00:42,37.27
2026-09-19 12:00:43,37.35
2026-09-19 12:00:44,38.43
2026-09-19 12:00:45,38.72
2026-09-19 12:00:46,41.96
2026-09-19 12:00:47,38.57
2026-09-19 12:00:48,38.62
2026-09-19 12:00:49,40.5
2026-09-19 12:00:50,42.4
2026-09-19 12:00:51,43.21
2026-09-19 12:00:52,41.65
2026-09-19 12:00:53,43.91
2026-09-19 12:00:54,44.56
2026-09-19 12:00:55,42.32
2026-09-19 12:00:56,44.04
2026-09-19 12:00:57,44.52
2026-09-19 12:00:58,48.25
2026-09-19 12:00:59,47.05
2026-09-19 12:01:00,48.63
2026-09-19 12:01:01,46.19
2026-09-19 12:01:02,48.02
2026-09-19 12:01:03,49.36
2026-09-19 12:01:04,47.83
2026-09-19 12:01:05,49.03
2026-09-19 12:01:06,50.94
2026-09-19 12:01:07,49.74
2026-09-19 12:01:08,51.16
2026-09-19 12:01:09,50.02
2026-09-19 12:01:10,53.76
2026-09-19 12:01:11,52.94
2026-09-19 12:01:12,49.98
2026-09-19 12:01:13,54.62
2026-09-19 12:01:14,54.01
2026-09-19 12:01:15,52.74
2026-09-19 12:01:16,55.09
2026-09-19 12:01:17,54.92
2026-09-19 12:01:18,58.02
2026-09-19 12:01:19,57.25
2026-09-19 12:01:20,59.07
2026-09-19 12:01:21,58.88
2026-09-19 12:01:22,60.9
2026-09-19 12:01:23,60.63
2026-09-19 12:01:24,60.38
2026-09-19 12:01:25,58.17
2026-09-19 12:01:26,60.38
2026-09-19 12:01:27,61.26
2026-09-19 12:01:28,65.81
2026-09-19 12:01:29,64.03
2026-09-19 12:01:30,64.95
2026-09-19 12:01:31,63.09
2026-09-19 12:01:32,66.38
2026-09-19 12:01:33,67.02
2026-09-19 12:01:34,64.73
2026-09-19 12:01:35,66.64
2026-09-19 12:01:36,66.53
2026-09-19 12:01:37,65.88
2026-09-19 12:01:38,67.14
2026-09-19 12:01:39,67.67
2026-09-19 12:01:40,71.06
2026-09-19 12:01:41,69.71
2026-09-19 12:01:42,69.62
2026-09-19 12:01:43,72.14
2026-09-19 12:01:44,72.52
2026-09-19 12:01:45,70.49
2026-09-19 12:01:46,74.48
2026-09-19 12:01:47,71.87
2026-09-19 12:01:48,77.76
2026-09-19 12:01:49,73.6
2026-09-19 12:01:50,74.12
2026-09-19 12:01:51,74.99
2026-09-19 12:01:52,74.88
2026-09-19 12:01:53,75.69
2026-09-19 12:01:54,75.36
2026-09-19 12:01:55,80.71
2026-09-19 12:01:56,79.26
2026-09-19 12:01:57,79.4
2026-09-19 12:01:58,80.05
2026-09-19 12:01:59,76.76
2026-09-19 12:02:00,83.14
2026-09-19 12:02:01,80.59
2026-09-19 12:02:02,78.49
2026-09-19 12:02:03,80.91
2026-09-19 12:02:04,82.14
2026-09-19 12:02:05,80.85
2026-09-19 12:02:06,81.85
2026-09-19 12:02:07,82.12
2026-09-19 12:02:08,85.32
2026-09-19 12:02:09,86.82
2026-09-19 12:02:10,85.02
2026-09-19 12:02:11,84.24
2026-09-19 12:02:12,88.09
2026-09-19 12:02:13,84.93
2026-09-19 12:02:14,87.03
2026-09-19 12:02:15,90.58
2026-09-19 12:02:16,90.67
2026-09-19 12:02:17,87.4
2026-09-19 12:02:18,86.27
2026-09-19 12:02:19,88.15
2026-09-19 12:02:20,90.61
2026-09-19 12:02:21,92.4
2026-09-19 12:02:22,93.43
2026-09-19 12:02:23,90.61
2026-09-19 12:02:24,93.42
2026-09-19 12:02:25,92.25
2026-09-19 12:02:26,93.85
2026-09-19 12:02:27,96.22
2026-09-19 12:02:28,92.99
2026-09-19 12:02:29,93.54
2026-09-19 12:02:30,94.36
2026-09-19 12:02:31,98.6
2026-09-19 12:02:32,97.5
2026-09-19 12:02:33,99.28
2026-09-19 12:02:34,96.24
2026-09-19 12:02:35,98.24
2026-09-19 12:02:36,97.52
2026-09-19 12:02:37,98.07
2026-09-19 12:02:38,97.6
2026-09-19 12:02:39,99.08
2026-09-19 12:02:40,102.04
2026-09-19 12:02:41,104.35
2026-09-19 12:02:42,102.62
2026-09-19 12:02:43,103.31
2026-09-19 12:02:44,103.98
2026-09-19 12:02:45,104.0
2026-09-19 12:02:46,104.69
2026-09-19 12:02:47,102.37
2026-09-19 12:02:48,104.1
2026-09-19 12:02:49,105.41
2026-09-19 12:02:50,107.67
2026-09-19 12:02:51,108.06
2026-09-19 12:02:52,107.65
2026-09-19 12:02:53,107.69
2026-09-19 12:02:54,108.34
2026-09-19 12:02:55,111.37
2026-09-19 12:02:56,110.31
2026-09-19 12:02:57,111.16
2026-09-19 12:02:58,110.7
2026-09-19 12:02:59,112.65
2026-09-19 12:03:00,112.12
2026-09-19 12:03:01,113.26
2026-09-19 12:03:02,115.9
2026-09-19 12:03:03,114.83
2026-09-19 12:03:04,114.89
2026-09-19 12:03:05,113.71
2026-09-19 12:03:06,115.75
2026-09-19 12:03:07,118.27
2026-09-19 12:03:08,114.61
2026-09-19 12:03:09,116.31
2026-09-19 12:03:10,118.12
2026-09-19 12:03:11,115.54
2026-09-19 12:03:12,119.34
2026-09-19 12:03:13,117.98
2026-09-19 12:03:14,117.48
2026-09-19 12:03:15,119.15
2026-09-19 12:03:16,119.94
2026-09-19 12:03:17,120.57
2026-09-19 12:03:18,121.39
2026-09-19 12:03:19,120.79
2026-09-19 12:03:20,124.22
2026-09-19 12:03:21,122.67
2026-09-19 12:03:22,124.36
2026-09-19 12:03:23,121.25
2026-09-19 12:03:24,127.73
2026-09-19 12:03:25,124.52
2026-09-19 12:03:26,126.11
2026-09-19 12:03:27,124.38
2026-09-19 12:03:28,127.74
2026-09-19 12:03:29,126.9
2026-09-19 12:03:30,125.76
2026-09-19 12:03:31,130.48
2026-09-19 12:03:32,132.21
2026-09-19 12:03:33,129.87
2026-09-19 12:03:34,131.82
2026-09-19 12:03:35,129.23
2026-09-19 12:03:36,131.13
2026-09-19 12:03:37,129.7
2026-09-19 12:03:38,132.96
2026-09-19 12:03:39,133.06
2026-09-19 12:03:40,132.86
2026-09-19 12:03:41,131.77
2026-09-19 12:03:42,137.31
2026-09-19 12:03:43,135.44
2026-09-19 12:03:44,133.22
2026-09-19 12:03:45,136.48
2026-09-19 12:03:46,137.45
2026-09-19 12:03:47,138.85
2026-09-19 12:03:48,136.61
2026-09-19 12:03:49,138.94
2026-09-19 12:03:50,137.31
2026-09-19 12:03:51,139.36
2026-09-19 12:03:52,141.33
2026-09-19 12:03:53,138.5
2026-09-19 12:03:54,140.11
2026-09-19 12:03:55,142.35
2026-09-19 12:03:56,140.78
2026-09-19 12:03:57,144.71
2026-09-19 12:03:58,142.05
2026-09-19 12:03:59,144.33
2026-09-19 12:04:00,143.54
2026-09-19 12:04:01,145.78
2026-09-19 12:04:02,144.66
2026-09-19 12:04:03,147.25
2026-09-19 12:04:04,146.51
2026-09-19 12:04:05,148.64
2026-09-19 12:04:06,149.37
2026-09-19 12:04:07,151.1
2026-09-19 12:04:08,145.64
2026-09-19 12:04:09,148.18
2026-09-19 12:04:10,150.08
2026-09-19 12:04:11,147.94
2026-09-19 12:04:12,154.34
2026-09-19 12:04:13,148.34
2026-09-19 12:04:14,149.2
2026-09-19 12:04:15,150.14
2026-09-19 12:04:16,147.97
2026-09-19 12:04:17,148.79
2026-09-19 12:04:18,148.84
2026-09-19 12:04:19,150.58
2026-09-19 12:04:20,152.77
2026-09-19 12:04:21,146.63
2026-09-19 12:04:22,152.65
2026-09-19 12:04:23,149.3
2026-09-19 12:04:24,151.27
2026-09-19 12:04:25,147.14
2026-09-19 12:04:26,151.66
2026-09-19 12:04:27,148.67
2026-09-19 12:04:28,152.13
2026-09-19 12:04:29,150.87
2026-09-19 12:04:30,148.29
2026-09-19 12:04:31,151.18
2026-09-19 12:04:32,154.2
2026-09-19 12:04:33,149.04
2026-09-19 12:04:34,148.55
2026-09-19 12:04:35,148.51
2026-09-19 12:04:36,142.46
2026-09-19 12:04:37,148.64
2026-09-19 12:04:38,153.34
2026-09-19 12:04:39,147.2
2026-09-19 12:04:40,153.22
2026-09-19 12:04:41,146.0
2026-09-19 12:04:42,147.56
2026-09-19 12:04:43,151.22
2026-09-19 12:04:44,149.04
2026-09-19 12:04:45,148.73
2026-09-19 12:04:46,148.48
2026-09-19 12:04:47,152.33
2026-09-19 12:04:48,149.26
2026-09-19 12:04:49,149.02
2026-09-19 12:04:50,150.73
2026-09-19 12:04:51,152.9
2026-09-19 12:04:52,149.74
2026-09-19 12:04:53,145.34
2026-09-19 12:04:54,149.78
2026-09-19 12:04:55,147.35
2026-09-19 12:04:56,155.0
2026-09-19 12:04:57,145.15
2026-09-19 12:04:58,149.79
2026-09-19 12:04:59,145.82
2026-09-19 12:05:00,153.43
2026-09-19 12:05:01,151.71
2026-09-19 12:05:02,149.97
2026-09-19 12:05:03,149.61
2026-09-19 12:05:04,149.33
2026-09-19 12:05:05,151.28
2026-09-19 12:05:06,146.84
2026-09-19 12:05:07,150.01
2026-09-19 12:05:08,149.16
2026-09-19 12:05:09,150.81
2026-09-19 12:05:10,150.45
2026-09-19 12:05:11,148.42
2026-09-19 12:05:12,151.0
2026-09-19 12:05:13,150.27
2026-09-19 12:05:14,154.66
2026-09-19 12:05:15,151.57
2026-09-19 12:05:16,148.73
2026-09-19 12:05:17,149.91
2026-09-19 12:05:18,147.83
2026-09-19 12:05:19,155.7
2026-09-19 12:05:20,151.9
2026-09-19 12:05:21,147.13
2026-09-19 12:05:22,152.4
2026-09-19 12:05:23,146.5
2026-09-19 12:05:24,150.63
2026-09-19 12:05:25,150.42
2026-09-19 12:05:26,149.82
2026-09-19 12:05:27,149.79
2026-09-19 12:05:28,149.26
2026-09-19 12:05:29,149.91
2026-09-19 12:05:30,147.7
2026-09-19 12:05:31,155.07
2026-09-19 12:05:32,150.9
2026-09-19 12:05:33,151.5
2026-09-19 12:05:34,147.52
2026-09-19 12:05:35,148.94
2026-09-19 12:05:36,150.32
2026-09-19 12:05:37,149.21
2026-09-19 12:05:38,151.37
2026-09-19 12:05:39,150.6
2026-09-19 12:05:40,146.56
2026-09-19 12:05:41,151.33
2026-09-19 12:05:42,148.75
2026-09-19 12:05:43,148.37
2026-09-19 12:05:44,147.55
2026-09-19 12:05:45,154.76
2026-09-19 12:05:46,150.72
2026-09-19 12:05:47,154.67
2026-09-19 12:05:48,148.74
2026-09-19 12:05:49,151.06
2026-09-19 12:05:50,149.92
2026-09-19 12:05:51,150.77
2026-09-19 12:05:52,147.81
2026-09-19 12:05:53,148.49
2026-09-19 12:05:54,149.34
2026-09-19 12:05:55,146.48
2026-09-19 12:05:56,150.66
2026-09-19 12:05:57,145.82
2026-09-19 12:05:58,143.17
2026-09-19 12:05:59,146.85
2026-09-19 12:06:00,144.26
2026-09-19 12:06:01,140.95
2026-09-19 12:06:02,144.75
2026-09-19 12:06:03,142.5
2026-09-19 12:06:04,143.74
2026-09-19 12:06:05,141.01
2026-09-19 12:06:06,142.58
2026-09-19 12:06:07,140.75
2026-09-19 12:06:08,140.0
2026-09-19 12:06:09,138.15
2026-09-19 12:06:10,139.45
2026-09-19 12:06:11,139.67
2026-09-19 12:06:12,139.78
2026-09-19 12:06:13,137.03
2026-09-19 12:06:14,136.91
2026-09-19 12:06:15,137.01
2026-09-19 12:06:16,135.78
2026-09-19 12:06:17,135.85
2026-09-19 12:06:18,132.9
2026-09-19 12:06:19,132.88
2026-09-19 12:06:20,134.51
2026-09-19 12:06:21,133.76
2026-09-19 12:06:22,133.33
2026-09-19 12:06:23,132.16
2026-09-19 12:06:24,132.54
2026-09-19 12:06:25,128.86
2026-09-19 12:06:26,130.26
2026-09-19 12:06:27,128.74
2026-09-19 12:06:28,129.24
2026-09-19 12:06:29,130.85
2026-09-19 12:06:30,127.25
2026-09-19 12:06:31,125.87
2026-09-19 12:06:32,129.11
2026-09-19 12:06:33,125.45
2026-09-19 12:06:34,125.77
2026-09-19 12:06:35,126.65
2026-09-19 12:06:36,123.51
2026-09-19 12:06:37,123.13
2026-09-19 12:06:38,126.39
2026-09-19 12:06:39,126.61
2026-09-19 12:06:40,121.66
2026-09-19 12:06:41,121.91
2026-09-19 12:06:42,121.11
2026-09-19 12:06:43,122.15
2026-09-19 12:06:44,119.67
2026-09-19 12:06:45,122.02
2026-09-19 12:06:46,122.08
2026-09-19 12:06:47,121.04
2026-09-19 12:06:48,119.98
2026-09-19 12:06:49,115.98
2026-09-19 12:06:50,117.39
2026-09-19 12:06:51,118.97
2026-09-19 12:06:52,116.6
2026-09-19 12:06:53,118.66
2026-09-19 12:06:54,114.38
2026-09-19 12:06:55,113.5
2026-09-19 12:06:56,113.18
2026-09-19 12:06:57,113.88
2026-09-19 12:06:58,113.65
2026-09-19 12:06:59,111.35
2026-09-19 12:07:00,115.02
2026-09-19 12:07:01,111.22
2026-09-19 12:07:02,111.0
2026-09-19 12:07:03,110.84
2026-09-19 12:07:04,109.84
2026-09-19 12:07:05,110.61
2026-09-19 12:07:06,107.6
2026-09-19 12:07:07,108.4
2026-09-19 12:07:08,107.15
2026-09-19 12:07:09,107.52
2026-09-19 12:07:10,104.83
2026-09-19 12:07:11,106.06
2026-09-19 12:07:12,105.4
2026-09-19 12:07:13,104.99
2026-09-19 12:07:14,103.09
2026-09-19 12:07:15,103.22
2026-09-19 12:07:16,102.96
2026-09-19 12:07:17,103.55
2026-09-19 12:07:18,104.03
2026-09-19 12:07:19,101.11
2026-09-19 12:07:20,101.65
2026-09-19 12:07:21,102.08
2026-09-19 12:07:22,98.68
2026-09-19 12:07:23,100.77
2026-09-19 12:07:24,100.53
2026-09-19 12:07:25,100.13
2026-09-19 12:07:26,98.08
2026-09-19 12:07:27,93.58
2026-09-19 12:07:28,97.37
2026-09-19 12:07:29,96.79
2026-09-19 12:07:30,96.01
2026-09-19 12:07:31,95.32
2026-09-19 12:07:32,96.42
2026-09-19 12:07:33,92.7
2026-09-19 12:07:34,90.36
2026-09-19 12:07:35,92.1
2026-09-19 12:07:36,94.23
2026-09-19 12:07:37,91.51
2026-09-19 12:07:38,91.43
2026-09-19 12:07:39,94.52
2026-09-19 12:07:40,90.74
2026-09-19 12:07:41,86.83
2026-09-19 12:07:42,90.55
2026-09-19 12:07:43,84.88
2026-09-19 12:07:44,87.66
2026-09-19 12:07:45,89.77
2026-09-19 12:07:46,88.24
2026-09-19 12:07:47,87.75
2026-09-19 12:07:48,85.35
2026-09-19 12:07:49,84.4
2026-09-19 12:07:50,86.65
2026-09-19 12:07:51,85.37
2026-09-19 12:07:52,85.39
2026-09-19 12:07:53,84.21
2026-09-19 12:07:54,81.94
2026-09-19 12:07:55,84.33
2026-09-19 12:07:56,83.7
2026-09-19 12:07:57,80.14
2026-09-19 12:07:58,81.39
2026-09-19 12:07:59,79.32
2026-09-19 12:08:00,79.01
2026-09-19 12:08:01,76.25
2026-09-19 12:08:02,76.78
2026-09-19 12:08:03,79.13
2026-09-19 12:08:04,76.76
2026-09-19 12:08:05,75.19
2026-09-19 12:08:06,77.26
2026-09-19 12:08:07,77.72
2026-09-19 12:08:08,76.32
2026-09-19 12:08:09,74.22
2026-09-19 12:08:10,76.73
2026-09-19 12:08:11,73.6
2026-09-19 12:08:12,75.01
2026-09-19 12:08:13,71.67
2026-09-19 12:08:14,71.66
2026-09-19 12:08:15,69.32
2026-09-19 12:08:16,71.93
2026-09-19 12:08:17,66.61
2026-09-19 12:08:18,69.69
2026-09-19 12:08:19,71.72
2026-09-19 12:08:20,71.43
2026-09-19 12:08:21,68.66
2026-09-19 12:08:22,67.79
2026-09-19 12:08:23,67.7
2026-09-19 12:08:24,68.82
2026-09-19 12:08:25,65.58
2026-09-19 12:08:26,65.45
2026-09-19 12:08:27,65.15
2026-09-19 12:08:28,66.13
2026-09-19 12:08:29,64.62
2026-09-19 12:08:30,64.02
2026-09-19 12:08:31,63.25
2026-09-19 12:08:32,63.39
2026-09-19 12:08:33,61.05
2026-09-19 12:08:34,63.49
2026-09-19 12:08:35,61.52
2026-09-19 12:08:36,58.2
2026-09-19 12:08:37,60.68
2026-09-19 12:08:38,58.29
2026-09-19 12:08:39,60.21
2026-09-19 12:08:40,59.51
2026-09-19 12:08:41,57.6
2026-09-19 12:08:42,56.08
2026-09-19 12:08:43,55.29
2026-09-19 12:08:44,53.76
2026-09-19 12:08:45,53.39
2026-09-19 12:08:46,53.68
2026-09-19 12:08:47,55.87
2026-09-19 12:08:48,52.36
2026-09-19 12:08:49,49.87
2026-09-19 12:08:50,51.34
2026-09-19 12:08:51,51.95
2026-09-19 12:08:52,53.7
2026-09-19 12:08:53,54.47
2026-09-19 12:08:54,50.81
2026-09-19 12:08:55,52.15
2026-09-19 12:08:56,54.07
2026-09-19 12:08:57,50.48
2026-09-19 12:08:58,50.65
2026-09-19 12:08:59,47.53
2026-09-19 12:09:00,47.07
2026-09-19 12:09:01,48.35
2026-09-19 12:09:02,44.38
2026-09-19 12:09:03,47.46
2026-09-19 12:09:04,44.17
2026-09-19 12:09:05,45.08
2026-09-19 12:09:06,43.67
2026-09-19 12:09:07,42.1
2026-09-19 12:09:08,43.85
2026-09-19 12:09:09,42.95
2026-09-19 12:09:10,42.19
2026-09-19 12:09:11,42.61
2026-09-19 12:09:12,38.9
2026-09-19 12:09:13,39.81
2026-09-19 12:09:14,38.79
2026-09-19 12:09:15,39.19
2026-09-19 12:09:16,38.7
2026-09-19 12:09:17,36.81
2026-09-19 12:09:18,38.81
2026-09-19 12:09:19,37.62
2026-09-19 12:09:20,36.26
2026-09-19 12:09:21,35.59
2026-09-19 12:09:22,36.77
2026-09-19 12:09:23,35.86
2026-09-19 12:09:24,33.04
2026-09-19 12:09:25,32.75
2026-09-19 12:09:26,33.33
2026-09-19 12:09:27,31.95
2026-09-19 12:09:28,30.35
2026-09-19 12:09:29,33.51
2026-09-19 12:09:30,32.17
2026-09-19 12:09:31,30.62
2026-09-19 12:09:32,30.31
2026-09-19 12:09:33,30.75
2026-09-19 12:09:34,31.16
2026-09-19 12:09:35,30.6
2026-09-19 12:09:36,31.63
2026-09-19 12:09:37,26.27
2026-09-19 12:09:38,27.79
2026-09-19 12:09:39,27.32
2026-09-19 12:09:40,24.65
2026-09-19 12:09:41,26.14
2026-09-19 12:09:42,23.14
2026-09-19 12:09:43,21.93
2026-09-19 12:09:44,23.46
2026-09-19 12:09:45,22.7
2026-09-19 12:09:46,20.5
2026-09-19 12:09:47,22.61
2026-09-19 12:09:48,22.46
2026-09-19 12:09:49,24.49
2026-09-19 12:09:50,21.59
2026-09-19 12:09:51,20.99
2026-09-19 12:09:52,18.6
2026-09-19 12:09:53,20.62
2026-09-19 12:09:54,17.34
2026-09-19 12:09:55,16.41
2026-09-19 12:09:56,17.17
2026-09-19 12:09:57,15.42
2026-09-19 12:09:58,16.21
2026-09-19 12:09:59,17.75
2026-09-19 12:00:00,62.6
2026-09-19 12:00:01,66.45
2026-09-19 12:00:02,50.41
2026-09-19 12:00:03,25.99
2026-09-19 12:00:04,62.7
2026-09-19 12:00:05,45.61
2026-09-19 12:00:06,52.91
2026-09-19 12:00:07,84.59
2026-09-19 12:00:08,46.2
2026-09-19 12:00:09,62.6
2026-09-19 12:00:10,71.78
2026-09-19 12:00:11,93.0
2026-09-19 12:00:12,59.74
2026-09-19 12:00:13,38.08
2026-09-19 12:00:14,53.17
2026-09-19 12:00:15,55.69
2026-09-19 12:00:16,42.57
2026-09-19 12:00:17,48.01
2026-09-19 12:00:18,45.46
2026-09-19 12:00:19,94.97
2026-09-19 12:00:20,45.27
2026-09-19 12:00:21,68.07
2026-09-19 12:00:22,27.37
2026-09-19 12:00:23,37.81
2026-09-19 12:00:24,40.86
2026-09-19 12:00:25,44.44
2026-09-19 12:00:26,61.6
2026-09-19 12:00:27,88.31
2026-09-19 12:00:28,52.13
2026-09-19 12:00:29,65.44
2026-09-19 12:00:30,48.85
2026-09-19 12:00:31,56.67
2026-09-19 12:00:32,54.77
2026-09-19 12:00:33,71.05
2026-09-19 12:00:34,27.61
2026-09-19 12:00:35,61.37
2026-09-19 12:00:36,72.01
2026-09-19 12:00:37,108.41
2026-09-19 12:00:38,86.82
2026-09-19 12:00:39,81.08
2026-09-19 12:00:40,91.29
2026-09-19 12:00:41,58.07
2026-09-19 12:00:42,59.98
2026-09-19 12:00:43,104.28
2026-09-19 12:00:44,53.16
2026-09-19 12:00:45,63.4
2026-09-19 12:00:46,69.01
2026-09-19 12:00:47,99.71
2026-09-19 12:00:48,93.1
2026-09-19 12:00:49,73.91
2026-09-19 12:00:50,108.23
2026-09-19 12:00:51,94.94
2026-09-19 12:00:52,50.68
2026-09-19 12:00:53,85.87
2026-09-19 12:00:54,79.0
2026-09-19 12:00:55,95.68
2026-09-19 12:00:56,112.2
2026-09-19 12:00:57,84.78
2026-09-19 12:00:58,54.7
2026-09-19 12:00:59,71.18
2026-09-19 12:01:00,78.68
2026-09-19 12:01:01,74.13
2026-09-19 12:01:02,76.49
2026-09-19 12:01:03,57.85
2026-09-19 12:01:04,93.91
2026-09-19 12:01:05,66.59
2026-09-19 12:01:06,86.74
2026-09-19 12:01:07,63.49
2026-09-19 12:01:08,68.28
2026-09-19 12:01:09,93.19
2026-09-19 12:01:10,55.43
2026-09-19 12:01:11,67.39
2026-09-19 12:01:12,64.08
2026-09-19 12:01:13,32.65
2026-09-19 12:01:14,66.2
2026-09-19 12:01:15,43.38
2026-09-19 12:01:16,29.41
2026-09-19 12:01:17,79.1
2026-09-19 12:01:18,109.63
2026-09-19 12:01:19,66.94
2026-09-19 12:01:20,84.63
2026-09-19 12:01:21,57.72
2026-09-19 12:01:22,60.74
2026-09-19 12:01:23,73.56
2026-09-19 12:01:24,51.21
2026-09-19 12:01:25,73.13
2026-09-19 12:01:26,55.03
2026-09-19 12:01:27,56.42
2026-09-19 12:01:28,84.95
2026-09-19 12:01:29,62.58
2026-09-19 12:01:30,84.21
2026-09-19 12:01:31,87.01
2026-09-19 12:01:32,65.94
2026-09-19 12:01:33,94.24
2026-09-19 12:01:34,76.1
2026-09-19 12:01:35,80.78
2026-09-19 12:01:36,26.0
2026-09-19 12:01:37,35.72
2026-09-19 12:01:38,61.18
2026-09-19 12:01:39,85.63
2026-09-19 12:01:40,75.92
2026-09-19 12:01:41,65.11
2026-09-19 12:01:42,92.3
2026-09-19 12:01:43,55.64
2026-09-19 12:01:44,80.2
2026-09-19 12:01:45,81.54
2026-09-19 12:01:46,85.79
2026-09-19 12:01:47,49.11
2026-09-19 12:01:48,52.9
2026-09-19 12:01:49,93.66
2026-09-19 12:01:50,94.26
2026-09-19 12:01:51,85.02
2026-09-19 12:01:52,71.96
2026-09-19 12:01:53,101.11
2026-09-19 12:01:54,72.73
2026-09-19 12:01:55,81.47
2026-09-19 12:01:56,99.09
2026-09-19 12:01:57,100.03
2026-09-19 12:01:58,95.74
2026-09-19 12:01:59,105.04
2026-09-19 12:02:00,79.98
2026-09-19 12:02:01,83.4
2026-09-19 12:02:02,81.63
2026-09-19 12:02:03,99.1
2026-09-19 12:02:04,76.68
2026-09-19 12:02:05,62.14
2026-09-19 12:02:06,121.53
2026-09-19 12:02:07,98.92
2026-09-19 12:02:08,110.48
2026-09-19 12:02:09,78.59
2026-09-19 12:02:10,82.25
2026-09-19 12:02:11,101.79
2026-09-19 12:02:12,85.43
2026-09-19 12:02:13,86.6
2026-09-19 12:02:14,93.09
2026-09-19 12:02:15,75.17
2026-09-19 12:02:16,85.81
2026-09-19 12:02:17,61.53
2026-09-19 12:02:18,90.67
2026-09-19 12:02:19,45.78
2026-09-19 12:02:20,70.44
2026-09-19 12:02:21,72.9
2026-09-19 12:02:22,70.65
2026-09-19 12:02:23,78.93
2026-09-19 12:02:24,43.31
2026-09-19 12:02:25,80.25
2026-09-19 12:02:26,92.87
2026-09-19 12:02:27,70.25
2026-09-19 12:02:28,74.89
2026-09-19 12:02:29,97.18
2026-09-19 12:02:30,69.46
2026-09-19 12:02:31,80.58
2026-09-19 12:02:32,102.49
2026-09-19 12:02:33,49.1
2026-09-19 12:02:34,90.29
2026-09-19 12:02:35,77.41
2026-09-19 12:02:36,96.82
2026-09-19 12:02:37,82.2
2026-09-19 12:02:38,97.29
2026-09-19 12:02:39,74.81
2026-09-19 12:02:40,98.73
2026-09-19 12:02:41,66.28
2026-09-19 12:02:42,96.17
2026-09-19 12:02:43,67.63
2026-09-19 12:02:44,104.01
2026-09-19 12:02:45,57.35
2026-09-19 12:02:46,114.93
2026-09-19 12:02:47,123.2
2026-09-19 12:02:48,81.05
2026-09-19 12:02:49,118.02
2026-09-19 12:02:50,44.55
2026-09-19 12:02:51,95.47
2026-09-19 12:02:52,74.75
2026-09-19 12:02:53,83.11
2026-09-19 12:02:54,88.84
2026-09-19 12:02:55,95.71
2026-09-19 12:02:56,80.37
2026-09-19 12:02:57,105.4
2026-09-19 12:02:58,84.14
2026-09-19 12:02:59,62.39
2026-09-19 12:03:00,73.56
2026-09-19 12:03:01,91.8
2026-09-19 12:03:02,95.04
2026-09-19 12:03:03,45.85
2026-09-19 12:03:04,50.44
2026-09-19 12:03:05,74.06
2026-09-19 12:03:06,41.12
2026-09-19 12:03:07,84.14
2026-09-19 12:03:08,70.7
2026-09-19 12:03:09,69.04
2026-09-19 12:03:10,78.95
2026-09-19 12:03:11,34.53
2026-09-19 12:03:12,60.48
2026-09-19 12:03:13,35.9
2026-09-19 12:03:14,82.81
2026-09-19 12:03:15,80.73
2026-09-19 12:03:16,55.23
2026-09-19 12:03:17,71.45
2026-09-19 12:03:18,74.44
2026-09-19 12:03:19,90.42
2026-09-19 12:03:20,96.46
2026-09-19 12:03:21,101.93
2026-09-19 12:03:22,76.69
2026-09-19 12:03:23,113.91
2026-09-19 12:03:24,79.23
2026-09-19 12:03:25,70.12
2026-09-19 12:03:26,89.75
2026-09-19 12:03:27,78.71
2026-09-19 12:03:28,64.56
2026-09-19 12:03:29,104.55
2026-09-19 12:03:30,61.94
2026-09-19 12:03:31,75.16
2026-09-19 12:03:32,57.04
2026-09-19 12:03:33,33.45
2026-09-19 12:03:34,60.76
2026-09-19 12:03:35,31.02
2026-09-19 12:03:36,116.25
2026-09-19 12:03:37,93.71
2026-09-19 12:03:38,84.2
2026-09-19 12:03:39,89.71
2026-09-19 12:03:40,93.69
2026-09-19 12:03:41,48.76
2026-09-19 12:03:42,65.16
2026-09-19 12:03:43,64.29
2026-09-19 12:03:44,61.37
2026-09-19 12:03:45,64.81
2026-09-19 12:03:46,72.88
2026-09-19 12:03:47,76.66
2026-09-19 12:03:48,80.12
2026-09-19 12:03:49,68.11
2026-09-19 12:03:50,99.52
2026-09-19 12:03:51,94.06
2026-09-19 12:03:52,81.4
2026-09-19 12:03:53,72.54
2026-09-19 12:03:54,79.24
2026-09-19 12:03:55,102.37
2026-09-19 12:03:56,101.76
2026-09-19 12:03:57,105.19
2026-09-19 12:03:58,70.91
2026-09-19 12:03:59,95.7
2026-09-19 12:04:00,104.16
2026-09-19 12:04:01,50.64
2026-09-19 12:04:02,121.47
2026-09-19 12:04:03,95.31
2026-09-19 12:04:04,88.73
2026-09-19 12:04:05,91.59
2026-09-19 12:04:06,69.09
2026-09-19 12:04:07,74.04
2026-09-19 12:04:08,64.82
2026-09-19 12:04:09,118.14
2026-09-19 12:04:10,81.42
2026-09-19 12:04:11,75.48
2026-09-19 12:04:12,117.36
2026-09-19 12:04:13,94.27
2026-09-19 12:04:14,78.3
2026-09-19 12:04:15,62.62
2026-09-19 12:04:16,105.91
2026-09-19 12:04:17,121.96
2026-09-19 12:04:18,72.06
2026-09-19 12:04:19,61.01
2026-09-19 12:04:20,84.08
2026-09-19 12:04:21,84.78
2026-09-19 12:04:22,115.16
2026-09-19 12:04:23,102.5
2026-09-19 12:04:24,65.49
2026-09-19 12:04:25,104.14
2026-09-19 12:04:26,26.72
2026-09-19 12:04:27,75.43
2026-09-19 12:04:28,83.18
2026-09-19 12:04:29,101.43
2026-09-19 12:04:30,76.1
2026-09-19 12:04:31,76.02
2026-09-19 12:04:32,74.83
2026-09-19 12:04:33,35.44
2026-09-19 12:04:34,86.64
2026-09-19 12:04:35,95.12
2026-09-19 12:04:36,70.06
2026-09-19 12:04:37,101.31
2026-09-19 12:04:38,75.34
2026-09-19 12:04:39,84.03
2026-09-19 12:04:40,91.25
2026-09-19 12:04:41,94.62
2026-09-19 12:04:42,68.15
2026-09-19 12:04:43,115.51
2026-09-19 12:04:44,46.93
2026-09-19 12:04:45,91.06
2026-09-19 12:04:46,84.68
2026-09-19 12:04:47,91.16
2026-09-19 12:04:48,65.13
2026-09-19 12:04:49,92.87
2026-09-19 12:04:50,100.0
2026-09-19 12:04:51,75.19
2026-09-19 12:04:52,58.09
2026-09-19 12:04:53,76.85
2026-09-19 12:04:54,86.64
2026-09-19 12:04:55,55.28
2026-09-19 12:04:56,88.99
2026-09-19 12:04:57,88.14
2026-09-19 12:04:58,95.9
2026-09-19 12:04:59,75.86
2026-09-19 12:05:00,75.23
2026-09-19 12:05:01,67.23
2026-09-19 12:05:02,69.48
2026-09-19 12:05:03,104.99
2026-09-19 12:05:04,72.59
2026-09-19 12:05:05,88.01
2026-09-19 12:05:06,55.21
2026-09-19 12:05:07,57.6
2026-09-19 12:05:08,70.44
2026-09-19 12:05:09,113.09
2026-09-19 12:05:10,65.29
2026-09-19 12:05:11,49.42
2026-09-19 12:05:12,85.45
2026-09-19 12:05:13,100.07
2026-09-19 12:05:14,28.18
2026-09-19 12:05:15,93.18
2026-09-19 12:05:16,65.92
2026-09-19 12:05:17,93.09
2026-09-19 12:05:18,109.96
2026-09-19 12:05:19,82.04
2026-09-19 12:05:20,83.59
2026-09-19 12:05:21,79.38
2026-09-19 12:05:22,84.09
2026-09-19 12:05:23,74.69
2026-09-19 12:05:24,77.38
2026-09-19 12:05:25,86.96
2026-09-19 12:05:26,108.77
2026-09-19 12:05:27,123.78
2026-09-19 12:05:28,109.0
2026-09-19 12:05:29,87.09
2026-09-19 12:05:30,71.03
2026-09-19 12:05:31,82.55
2026-09-19 12:05:32,85.73
2026-09-19 12:05:33,94.37
2026-09-19 12:05:34,81.78
2026-09-19 12:05:35,99.81
2026-09-19 12:05:36,88.18
2026-09-19 12:05:37,71.21
2026-09-19 12:05:38,81.39
2026-09-19 12:05:39,98.6
2026-09-19 12:05:40,87.05
2026-09-19 12:05:41,101.59
2026-09-19 12:05:42,63.78
2026-09-19 12:05:43,70.35
2026-09-19 12:05:44,91.12
2026-09-19 12:05:45,118.65
2026-09-19 12:05:46,53.11
2026-09-19 12:05:47,90.26
2026-09-19 12:05:48,60.29
2026-09-19 12:05:49,98.2
2026-09-19 12:05:50,99.28
2026-09-19 12:05:51,87.42
2026-09-19 12:05:52,97.27
2026-09-19 12:05:53,84.48
2026-09-19 12:05:54,112.65
2026-09-19 12:05:55,106.2
2026-09-19 12:05:56,83.5
2026-09-19 12:05:57,96.09
2026-09-19 12:05:58,100.83
2026-09-19 12:05:59,57.33
2026-09-19 12:06:00,78.55
2026-09-19 12:06:01,45.41
2026-09-19 12:06:02,80.7
2026-09-19 12:06:03,84.85
2026-09-19 12:06:04,122.54
2026-09-19 12:06:05,70.77
2026-09-19 12:06:06,106.67
2026-09-19 12:06:07,93.56
2026-09-19 12:06:08,85.43
2026-09-19 12:06:09,99.2
2026-09-19 12:06:10,61.86
2026-09-19 12:06:11,66.6
2026-09-19 12:06:12,102.74
2026-09-19 12:06:13,72.91
2026-09-19 12:06:14,75.53
2026-09-19 12:06:15,45.94
2026-09-19 12:06:16,108.26
2026-09-19 12:06:17,48.07
2026-09-19 12:06:18,75.87
2026-09-19 12:06:19,62.55
2026-09-19 12:06:20,78.45
2026-09-19 12:06:21,95.33
2026-09-19 12:06:22,92.05
2026-09-19 12:06:23,96.09
2026-09-19 12:06:24,58.2
2026-09-19 12:06:25,57.83
2026-09-19 12:06:26,76.29
2026-09-19 12:06:27,79.73
2026-09-19 12:06:28,57.77
2026-09-19 12:06:29,60.01
2026-09-19 12:06:30,95.38
2026-09-19 12:06:31,72.51
2026-09-19 12:06:32,65.73
2026-09-19 12:06:33,101.97
2026-09-19 12:06:34,55.46
2026-09-19 12:06:35,108.73
2026-09-19 12:06:36,97.24
2026-09-19 12:06:37,92.5
2026-09-19 12:06:38,82.94
2026-09-19 12:06:39,67.67
2026-09-19 12:06:40,53.83
2026-09-19 12:06:41,79.09
2026-09-19 12:06:42,65.1
2026-09-19 12:06:43,44.52
2026-09-19 12:06:44,88.38
2026-09-19 12:06:45,62.95
2026-09-19 12:06:46,74.66
2026-09-19 12:06:47,70.98
2026-09-19 12:06:48,89.24
2026-09-19 12:06:49,80.55
2026-09-19 12:06:50,78.84
2026-09-19 12:06:51,78.42
2026-09-19 12:06:52,61.6
2026-09-19 12:06:53,32.66
2026-09-19 12:06:54,82.56
2026-09-19 12:06:55,93.73
2026-09-19 12:06:56,54.13
2026-09-19 12:06:57,91.15
2026-09-19 12:06:58,75.31
2026-09-19 12:06:59,46.34
2026-09-19 12:07:00,58.67
2026-09-19 12:07:01,66.05
2026-09-19 12:07:02,99.38
2026-09-19 12:07:03,90.5
2026-09-19 12:07:04,88.33
2026-09-19 12:07:05,67.72
2026-09-19 12:07:06,62.3
2026-09-19 12:07:07,90.7
2026-09-19 12:07:08,77.88
2026-09-19 12:07:09,95.74
2026-09-19 12:07:10,38.25
2026-09-19 12:07:11,52.5
2026-09-19 12:07:12,103.18
2026-09-19 12:07:13,67.19
2026-09-19 12:07:14,68.15
2026-09-19 12:07:15,74.78
2026-09-19 12:07:16,107.88
2026-09-19 12:07:17,98.14
2026-09-19 12:07:18,84.92
2026-09-19 12:07:19,62.89
2026-09-19 12:07:20,81.67
2026-09-19 12:07:21,106.78
2026-09-19 12:07:22,83.56
2026-09-19 12:07:23,101.76
2026-09-19 12:07:24,99.89
2026-09-19 12:07:25,87.72
2026-09-19 12:07:26,76.46
2026-09-19 12:07:27,80.14
2026-09-19 12:07:28,54.38
2026-09-19 12:07:29,59.11
2026-09-19 12:07:30,88.58
2026-09-19 12:07:31,96.78
2026-09-19 12:07:32,66.77
2026-09-19 12:07:33,86.82
2026-09-19 12:07:34,97.21
2026-09-19 12:07:35,100.17
2026-09-19 12:07:36,102.79
2026-09-19 12:07:37,79.4
2026-09-19 12:07:38,104.84
2026-09-19 12:07:39,92.44
2026-09-19 12:07:40,82.29
2026-09-19 12:07:41,67.71
2026-09-19 12:07:42,70.91
2026-09-19 12:07:43,45.42
2026-09-19 12:07:44,65.05
2026-09-19 12:07:45,74.14
2026-09-19 12:07:46,74.13
2026-09-19 12:07:47,77.66
2026-09-19 12:07:48,99.82
2026-09-19 12:07:49,73.05
2026-09-19 12:07:50,88.29
2026-09-19 12:07:51,60.11
2026-09-19 12:07:52,88.74
2026-09-19 12:07:53,80.81
2026-09-19 12:07:54,77.34
2026-09-19 12:07:55,128.74
2026-09-19 12:07:56,90.41
2026-09-19 12:07:57,63.4
2026-09-19 12:07:58,79.45
2026-09-19 12:07:59,100.48
2026-09-19 12:08:00,74.59
2026-09-19 12:08:01,42.36
2026-09-19 12:08:02,90.11
2026-09-19 12:08:03,58.5
2026-09-19 12:08:04,103.77
2026-09-19 12:08:05,92.69
2026-09-19 12:08:06,68.88
2026-09-19 12:08:07,99.15
2026-09-19 12:08:08,122.0
2026-09-19 12:08:09,78.75
2026-09-19 12:08:10,64.19
2026-09-19 12:08:11,71.97
2026-09-19 12:08:12,95.08
2026-09-19 12:08:13,43.28
2026-09-19 12:08:14,94.52
2026-09-19 12:08:15,59.17
2026-09-19 12:08:16,72.34
2026-09-19 12:08:17,54.63
2026-09-19 12:08:18,60.81
2026-09-19 12:08:19,73.21
2026-09-19 12:08:20,63.33
2026-09-19 12:08:21,85.4
2026-09-19 12:08:22,60.75
2026-09-19 12:08:23,78.65
2026-09-19 12:08:24,21.04
2026-09-19 12:08:25,68.46
2026-09-19 12:08:26,39.99
2026-09-19 12:08:27,50.34
2026-09-19 12:08:28,111.71
2026-09-19 12:08:29,96.12
2026-09-19 12:08:30,87.83
2026-09-19 12:08:31,99.8
2026-09-19 12:08:32,98.16
2026-09-19 12:08:33,49.26
2026-09-19 12:08:34,69.23
2026-09-19 12:08:35,65.36
2026-09-19 12:08:36,46.9
2026-09-19 12:08:37,97.1
2026-09-19 12:08:38,94.95
2026-09-19 12:08:39,75.64
2026-09-19 12:08:40,119.24
2026-09-19 12:08:41,95.89
2026-09-19 12:08:42,81.72
2026-09-19 12:08:43,79.96
2026-09-19 12:08:44,75.93
2026-09-19 12:08:45,56.17
2026-09-19 12:08:46,66.95
2026-09-19 12:08:47,81.01
2026-09-19 12:08:48,73.76
2026-09-19 12:08:49,73.59
2026-09-19 12:08:50,98.39
2026-09-19 12:08:51,85.34
2026-09-19 12:08:52,75.24
2026-09-19 12:08:53,108.02
2026-09-19 12:08:54,90.64
2026-09-19 12:08:55,95.88
2026-09-19 12:08:56,43.46
2026-09-19 12:08:57,82.36
2026-09-19 12:08:58,64.48
2026-09-19 12:08:59,113.51
2026-09-19 12:09:00,74.01
2026-09-19 12:09:01,48.94
2026-09-19 12:09:02,10.0
2026-09-19 12:09:03,71.53
2026-09-19 12:09:04,49.96
2026-09-19 12:09:05,80.81
2026-09-19 12:09:06,84.66
2026-09-19 12:09:07,119.81
2026-09-19 12:09:08,54.94
2026-09-19 12:09:09,74.67
2026-09-19 12:09:10,84.54
2026-09-19 12:09:11,63.03
2026-09-19 12:09:12,91.69
2026-09-19 12:09:13,110.71
2026-09-19 12:09:14,95.87
2026-09-19 12:09:15,31.57
2026-09-19 12:09:16,73.14
2026-09-19 12:09:17,87.68
2026-09-19 12:09:18,81.1
2026-09-19 12:09:19,85.56
2026-09-19 12:09:20,78.67
2026-09-19 12:09:21,80.87
2026-09-19 12:09:22,76.33
2026-09-19 12:09:23,57.79
2026-09-19 12:09:24,58.75
2026-09-19 12:09:25,75.93
2026-09-19 12:09:26,56.97
2026-09-19 12:09:27,71.57
2026-09-19 12:09:28,33.37
2026-09-19 12:09:29,52.79
2026-09-19 12:09:30,69.85
2026-09-19 12:09:31,65.92
2026-09-19 12:09:32,55.74
2026-09-19 12:09:33,54.13
2026-09-19 12:09:34,51.56
2026-09-19 12:09:35,55.88
2026-09-19 12:09:36,75.21
2026-09-19 12:09:37,99.92
2026-09-19 12:09:38,93.02
2026-09-19 12:09:39,101.73
2026-09-19 12:09:40,43.21
2026-09-19 12:09:41,90.54
2026-09-19 12:09:42,53.61
2026-09-19 12:09:43,56.01
2026-09-19 12:09:44,111.23
2026-09-19 12:09:45,49.74
2026-09-19 12:09:46,87.79
2026-09-19 12:09:47,65.05
2026-09-19 12:09:48,68.09
2026-09-19 12:09:49,77.78
2026-09-19 12:09:50,53.26
2026-09-19 12:09:51,94.1
2026-09-19 12:09:52,64.34
2026-09-19 12:09:53,59.68
2026-09-19 12:09:54,76.02
2026-09-19 12:09:55,27.09
2026-09-19 12:09:56,84.63
2026-09-19 12:09:57,85.81
2026-09-19 12:09:58,93.95
2026-09-19 12:09:59,82.24
2026-09-19 12:00:00,48.83
2026-09-19 12:00:01,52.69
2026-09-19 12:00:02,52.08
2026-09-19 12:00:03,49.49
2026-09-19 12:00:04,49.58
2026-09-19 12:00:05,55.35
2026-09-19 12:00:06,48.75
2026-09-19 12:00:07,47.8
2026-09-19 12:00:08,50.29
2026-09-19 12:00:09,51.9
2026-09-19 12:00:10,50.43
2026-09-19 12:00:11,49.66
2026-09-19 12:00:12,46.83
2026-09-19 12:00:13,49.88
2026-09-19 12:00:14,50.38
2026-09-19 12:00:15,50.34
2026-09-19 12:00:16,47.83
2026-09-19 12:00:17,50.38
2026-09-19 12:00:18,46.85
2026-09-19 12:00:19,48.4
2026-09-19 12:00:20,54.77
2026-09-19 12:00:21,48.94
2026-09-19 12:00:22,50.25
2026-09-19 12:00:23,51.7
2026-09-19 12:00:24,51.02
2026-09-19 12:00:25,54.71
2026-09-19 12:00:26,54.71
2026-09-19 12:00:27,48.43
2026-09-19 12:00:28,51.12
2026-09-19 12:00:29,48.57
2026-09-19 12:00:30,51.67
2026-09-19 12:00:31,51.42
2026-09-19 12:00:32,52.39
2026-09-19 12:00:33,47.54
2026-09-19 12:00:34,48.48
2026-09-19 12:00:35,53.94
2026-09-19 12:00:36,46.71
2026-09-19 12:00:37,47.9
2026-09-19 12:00:38,54.8
2026-09-19 12:00:39,48.78
2026-09-19 12:00:40,50.88
2026-09-19 12:00:41,52.32
2026-09-19 12:00:42,50.86
2026-09-19 12:00:43,49.45
2026-09-19 12:00:44,48.77
2026-09-19 12:00:45,51.27
2026-09-19 12:00:46,46.96
2026-09-19 12:00:47,49.64
2026-09-19 12:00:48,50.27
2026-09-19 12:00:49,49.21
2026-09-19 12:00:50,49.25
2026-09-19 12:00:51,50.2
2026-09-19 12:00:52,49.5
2026-09-19 12:00:53,50.97
2026-09-19 12:00:54,47.49
2026-09-19 12:00:55,48.07
2026-09-19 12:00:56,48.76
2026-09-19 12:00:57,53.48
2026-09-19 12:00:58,47.36
2026-09-19 12:00:59,48.3
2026-09-19 12:01:00,48.99
2026-09-19 12:01:01,47.66
2026-09-19 12:01:02,53.47
2026-09-19 12:01:03,50.04
2026-09-19 12:01:04,53.41
2026-09-19 12:01:05,51.29
2026-09-19 12:01:06,45.95
2026-09-19 12:01:07,48.55
2026-09-19 12:01:08,50.18
2026-09-19 12:01:09,48.67
2026-09-19 12:01:10,49.0
2026-09-19 12:01:11,50.87
2026-09-19 12:01:12,51.41
2026-09-19 12:01:13,46.15
2026-09-19 12:01:14,50.63
2026-09-19 12:01:15,48.64
2026-09-19 12:01:16,51.99
2026-09-19 12:01:17,50.91
2026-09-19 12:01:18,50.3
2026-09-19 12:01:19,51.91
2026-09-19 12:01:20,49.39
2026-09-19 12:01:21,50.57
2026-09-19 12:01:22,49.58
2026-09-19 12:01:23,48.5
2026-09-19 12:01:24,47.87
2026-09-19 12:01:25,46.28
2026-09-19 12:01:26,50.35
2026-09-19 12:01:27,46.82
2026-09-19 12:01:28,48.54
2026-09-19 12:01:29,50.57
2026-09-19 12:01:30,49.21
2026-09-19 12:01:31,52.5
2026-09-19 12:01:32,46.33
2026-09-19 12:01:33,53.01
2026-09-19 12:01:34,55.15
2026-09-19 12:01:35,47.66
2026-09-19 12:01:36,52.59
2026-09-19 12:01:37,51.22
2026-09-19 12:01:38,46.45
2026-09-19 12:01:39,48.56
2026-09-19 12:01:40,51.05
2026-09-19 12:01:41,45.27
2026-09-19 12:01:42,50.07
2026-09-19 12:01:43,50.45
2026-09-19 12:01:44,49.99
2026-09-19 12:01:45,51.35
2026-09-19 12:01:46,51.41
2026-09-19 12:01:47,50.62
2026-09-19 12:01:48,45.33
2026-09-19 12:01:49,55.72
2026-09-19 12:01:50,52.57
2026-09-19 12:01:51,53.03
2026-09-19 12:01:52,48.28
2026-09-19 12:01:53,50.88
2026-09-19 12:01:54,53.08
2026-09-19 12:01:55,52.18
2026-09-19 12:01:56,51.15
2026-09-19 12:01:57,49.8
2026-09-19 12:01:58,50.43
2026-09-19 12:01:59,49.64
2026-09-19 12:02:00,51.11
2026-09-19 12:02:01,52.12
2026-09-19 12:02:02,47.52
2026-09-19 12:02:03,50.15
2026-09-19 12:02:04,49.04
2026-09-19 12:02:05,50.49
2026-09-19 12:02:06,49.62
2026-09-19 12:02:07,50.42
2026-09-19 12:02:08,50.94
2026-09-19 12:02:09,51.13
2026-09-19 12:02:10,50.89
2026-09-19 12:02:11,52.99
2026-09-19 12:02:12,52.59
2026-09-19 12:02:13,52.83
2026-09-19 12:02:14,51.5
2026-09-19 12:02:15,49.04
2026-09-19 12:02:16,46.96
2026-09-19 12:02:17,49.88
2026-09-19 12:02:18,50.97
2026-09-19 12:02:19,50.26
2026-09-19 12:02:20,51.37
2026-09-19 12:02:21,49.9
2026-09-19 12:02:22,54.37
2026-09-19 12:02:23,47.89
2026-09-19 12:02:24,54.29
2026-09-19 12:02:25,52.38
2026-09-19 12:02:26,47.72
2026-09-19 12:02:27,52.25
2026-09-19 12:02:28,47.84
2026-09-19 12:02:29,49.48
2026-09-19 12:02:30,48.96
2026-09-19 12:02:31,51.19
2026-09-19 12:02:32,48.32
2026-09-19 12:02:33,53.78
2026-09-19 12:02:34,51.48
2026-09-19 12:02:35,50.09
2026-09-19 12:02:36,50.53
2026-09-19 12:02:37,48.17
2026-09-19 12:02:38,50.76
2026-09-19 12:02:39,53.57
2026-09-19 12:02:40,52.99
2026-09-19 12:02:41,49.63
2026-09-19 12:02:42,48.17
2026-09-19 12:02:43,49.44
2026-09-19 12:02:44,51.37
2026-09-19 12:02:45,52.95
2026-09-19 12:02:46,51.05
2026-09-19 12:02:47,48.93
2026-09-19 12:02:48,52.66
2026-09-19 12:02:49,49.09
2026-09-19 12:02:50,51.88
2026-09-19 12:02:51,50.89
2026-09-19 12:02:52,51.71
2026-09-19 12:02:53,47.71
2026-09-19 12:02:54,48.57
2026-09-19 12:02:55,48.42
2026-09-19 12:02:56,49.93
2026-09-19 12:02:57,49.92
2026-09-19 12:02:58,51.86
2026-09-19 12:02:59,48.77
2026-09-19 12:03:00,49.75
2026-09-19 12:03:01,49.49
2026-09-19 12:03:02,47.61
2026-09-19 12:03:03,49.4
2026-09-19 12:03:04,48.72
2026-09-19 12:03:05,52.19
2026-09-19 12:03:06,51.31
2026-09-19 12:03:07,49.54
2026-09-19 12:03:08,52.02
2026-09-19 12:03:09,49.37
2026-09-19 12:03:10,47.97
2026-09-19 12:03:11,47.54
2026-09-19 12:03:12,46.5
2026-09-19 12:03:13,48.72
2026-09-19 12:03:14,51.49
2026-09-19 12:03:15,48.84
2026-09-19 12:03:16,49.28
2026-09-19 12:03:17,47.17
2026-09-19 12:03:18,50.19
2026-09-19 12:03:19,49.96
2026-09-19 12:03:20,49.67
2026-09-19 12:03:21,48.31
2026-09-19 12:03:22,50.93
2026-09-19 12:03:23,49.23
2026-09-19 12:03:24,50.14
2026-09-19 12:03:25,50.45
2026-09-19 12:03:26,52.69
2026-09-19 12:03:27,47.58
2026-09-19 12:03:28,50.26
2026-09-19 12:03:29,50.68
2026-09-19 12:03:30,46.98
2026-09-19 12:03:31,49.14
2026-09-19 12:03:32,46.16
2026-09-19 12:03:33,50.51
2026-09-19 12:03:34,49.67
2026-09-19 12:03:35,51.25
2026-09-19 12:03:36,50.98
2026-09-19 12:03:37,51.1
2026-09-19 12:03:38,48.72
2026-09-19 12:03:39,49.92
2026-09-19 12:03:40,51.86
2026-09-19 12:03:41,47.74
2026-09-19 12:03:42,51.52
2026-09-19 12:03:43,53.72
2026-09-19 12:03:44,49.53
2026-09-19 12:03:45,51.96
2026-09-19 12:03:46,46.29
2026-09-19 12:03:47,47.65
2026-09-19 12:03:48,45.51
2026-09-19 12:03:49,50.54
2026-09-19 12:03:50,50.05
2026-09-19 12:03:51,51.82
2026-09-19 12:03:52,48.94
2026-09-19 12:03:53,50.83
2026-09-19 12:03:54,48.77
2026-09-19 12:03:55,51.61
2026-09-19 12:03:56,47.93
2026-09-19 12:03:57,49.81
2026-09-19 12:03:58,49.81
2026-09-19 12:03:59,48.95
2026-09-19 12:04:00,49.98
2026-09-19 12:04:01,49.29
2026-09-19 12:04:02,49.51
2026-09-19 12:04:03,53.1
2026-09-19 12:04:04,50.69
2026-09-19 12:04:05,50.66
2026-09-19 12:04:06,49.57
2026-09-19 12:04:07,49.42
2026-09-19 12:04:08,52.74
2026-09-19 12:04:09,47.96
2026-09-19 12:04:10,48.24
2026-09-19 12:04:11,50.15
2026-09-19 12:04:12,52.4
2026-09-19 12:04:13,46.95
2026-09-19 12:04:14,51.33
2026-09-19 12:04:15,47.05
2026-09-19 12:04:16,48.89
2026-09-19 12:04:17,52.49
2026-09-19 12:04:18,51.38
2026-09-19 12:04:19,48.61
2026-09-19 12:04:20,52.53
2026-09-19 12:04:21,49.0
2026-09-19 12:04:22,47.97
2026-09-19 12:04:23,54.18
2026-09-19 12:04:24,52.84
2026-09-19 12:04:25,47.18
2026-09-19 12:04:26,53.82
2026-09-19 12:04:27,50.88
2026-09-19 12:04:28,54.29
2026-09-19 12:04:29,49.16
2026-09-19 12:04:30,45.06
2026-09-19 12:04:31,50.14
2026-09-19 12:04:32,55.16
2026-09-19 12:04:33,48.21
2026-09-19 12:04:34,51.28
2026-09-19 12:04:35,49.32
2026-09-19 12:04:36,50.65
2026-09-19 12:04:37,51.32
2026-09-19 12:04:38,50.46
2026-09-19 12:04:39,49.31
2026-09-19 12:04:40,47.74
2026-09-19 12:04:41,50.13
2026-09-19 12:04:42,51.53
2026-09-19 12:04:43,49.35
2026-09-19 12:04:44,48.94
2026-09-19 12:04:45,46.79
2026-09-19 12:04:46,54.47
2026-09-19 12:04:47,49.38
2026-09-19 12:04:48,50.93
2026-09-19 12:04:49,48.9
2026-09-19 12:04:50,50.26
2026-09-19 12:04:51,51.21
2026-09-19 12:04:52,51.81
2026-09-19 12:04:53,52.88
2026-09-19 12:04:54,48.58
2026-09-19 12:04:55,53.96
2026-09-19 12:04:56,52.02
2026-09-19 12:04:57,48.44
2026-09-19 12:04:58,50.07
2026-09-19 12:04:59,49.94
2026-09-19 12:05:00,48.45
2026-09-19 12:05:01,51.25
2026-09-19 12:05:02,45.67
2026-09-19 12:05:03,50.48
2026-09-19 12:05:04,52.93
2026-09-19 12:05:05,50.9
2026-09-19 12:05:06,48.07
2026-09-19 12:05:07,48.37
2026-09-19 12:05:08,48.14
2026-09-19 12:05:09,51.38
2026-09-19 12:05:10,51.37
2026-09-19 12:05:11,52.23
2026-09-19 12:05:12,47.63
2026-09-19 12:05:13,51.8
2026-09-19 12:05:14,53.69
2026-09-19 12:05:15,49.63
2026-09-19 12:05:16,52.29
2026-09-19 12:05:17,50.93
2026-09-19 12:05:18,49.34
2026-09-19 12:05:19,49.86
2026-09-19 12:05:20,50.34
2026-09-19 12:05:21,51.33
2026-09-19 12:05:22,49.96
2026-09-19 12:05:23,49.19
2026-09-19 12:05:24,48.63
2026-09-19 12:05:25,51.97
2026-09-19 12:05:26,49.59
2026-09-19 12:05:27,51.92
2026-09-19 12:05:28,51.17
2026-09-19 12:05:29,48.5
2026-09-19 12:05:30,50.87
2026-09-19 12:05:31,48.25
2026-09-19 12:05:32,48.76
2026-09-19 12:05:33,48.9
2026-09-19 12:05:34,48.39
2026-09-19 12:05:35,48.73
2026-09-19 12:05:36,46.72
2026-09-19 12:05:37,49.44
2026-09-19 12:05:38,50.33
2026-09-19 12:05:39,55.48
2026-09-19 12:05:40,48.31
2026-09-19 12:05:41,52.74
2026-09-19 12:05:42,53.34
2026-09-19 12:05:43,50.48
2026-09-19 12:05:44,48.31
2026-09-19 12:05:45,46.85
2026-09-19 12:05:46,48.19
2026-09-19 12:05:47,50.35
2026-09-19 12:05:48,45.59
2026-09-19 12:05:49,51.66
2026-09-19 12:05:50,50.8
2026-09-19 12:05:51,50.8
2026-09-19 12:05:52,46.28
2026-09-19 12:05:53,45.19
2026-09-19 12:05:54,49.77
2026-09-19 12:05:55,48.84
2026-09-19 12:05:56,47.59
2026-09-19 12:05:57,46.47
2026-09-19 12:05:58,51.81
2026-09-19 12:05:59,54.26
2026-09-19 12:06:00,51.06
2026-09-19 12:06:01,50.44
2026-09-19 12:06:02,50.17
2026-09-19 12:06:03,51.2
2026-09-19 12:06:04,51.69
2026-09-19 12:06:05,49.22
2026-09-19 12:06:06,53.51
2026-09-19 12:06:07,48.53
2026-09-19 12:06:08,50.96
2026-09-19 12:06:09,47.03
2026-09-19 12:06:10,48.59
2026-09-19 12:06:11,49.89
2026-09-19 12:06:12,51.4
2026-09-19 12:06:13,47.68
2026-09-19 12:06:14,50.13
2026-09-19 12:06:15,50.58
2026-09-19 12:06:16,51.15
2026-09-19 12:06:17,52.8
2026-09-19 12:06:18,53.35
2026-09-19 12:06:19,51.52
2026-09-19 12:06:20,49.73
2026-09-19 12:06:21,48.0
2026-09-19 12:06:22,50.5
2026-09-19 12:06:23,47.96
2026-09-19 12:06:24,51.09
2026-09-19 12:06:25,53.5
2026-09-19 12:06:26,48.62
2026-09-19 12:06:27,49.97
2026-09-19 12:06:28,51.06
2026-09-19 12:06:29,48.12
2026-09-19 12:06:30,46.86
2026-09-19 12:06:31,45.73
2026-09-19 12:06:32,48.72
2026-09-19 12:06:33,51.77
2026-09-19 12:06:34,50.59
2026-09-19 12:06:35,53.48
2026-09-19 12:06:36,52.85
2026-09-19 12:06:37,52.16
2026-09-19 12:06:38,49.06
2026-09-19 12:06:39,52.72
2026-09-19 12:06:40,48.39
2026-09-19 12:06:41,46.05
2026-09-19 12:06:42,48.07
2026-09-19 12:06:43,48.42
2026-09-19 12:06:44,48.11
2026-09-19 12:06:45,51.65
2026-09-19 12:06:46,46.4
2026-09-19 12:06:47,47.37
2026-09-19 12:06:48,50.59
2026-09-19 12:06:49,49.29
2026-09-19 12:06:50,49.1
2026-09-19 12:06:51,51.78
2026-09-19 12:06:52,51.81
2026-09-19 12:06:53,50.69
2026-09-19 12:06:54,54.9
2026-09-19 12:06:55,47.8
2026-09-19 12:06:56,49.35
2026-09-19 12:06:57,52.68
2026-09-19 12:06:58,49.37
2026-09-19 12:06:59,50.22
2026-09-19 12:07:00,51.3
2026-09-19 12:07:01,51.12
2026-09-19 12:07:02,49.52
2026-09-19 12:07:03,49.35
2026-09-19 12:07:04,53.72
2026-09-19 12:07:05,49.98
2026-09-19 12:07:06,48.46
2026-09-19 12:07:07,51.13
2026-09-19 12:07:08,49.14
2026-09-19 12:07:09,49.44
2026-09-19 12:07:10,51.49
2026-09-19 12:07:11,49.11
2026-09-19 12:07:12,48.96
2026-09-19 12:07:13,48.79
2026-09-19 12:07:14,47.87
2026-09-19 12:07:15,49.36
2026-09-19 12:07:16,53.14
2026-09-19 12:07:17,47.64
2026-09-19 12:07:18,48.46
2026-09-19 12:07:19,51.92
2026-09-19 12:07:20,48.06
2026-09-19 12:07:21,48.21
2026-09-19 12:07:22,49.54
2026-09-19 12:07:23,50.85
2026-09-19 12:07:24,51.15
2026-09-19 12:07:25,52.31
2026-09-19 12:07:26,52.55
2026-09-19 12:07:27,50.1
2026-09-19 12:07:28,48.85
2026-09-19 12:07:29,50.05
2026-09-19 12:07:30,46.69
2026-09-19 12:07:31,50.81
2026-09-19 12:07:32,47.85
2026-09-19 12:07:33,54.94
2026-09-19 12:07:34,45.93
2026-09-19 12:07:35,50.8
2026-09-19 12:07:36,52.65
2026-09-19 12:07:37,50.89
2026-09-19 12:07:38,50.81
2026-09-19 12:07:39,53.58
2026-09-19 12:07:40,53.52
2026-09-19 12:07:41,50.15
2026-09-19 12:07:42,49.42
2026-09-19 12:07:43,45.42
2026-09-19 12:07:44,50.36
2026-09-19 12:07:45,54.86
2026-09-19 12:07:46,52.58
2026-09-19 12:07:47,47.98
2026-09-19 12:07:48,48.65
2026-09-19 12:07:49,52.46
2026-09-19 12:07:50,50.71
2026-09-19 12:07:51,55.42
2026-09-19 12:07:52,51.67
2026-09-19 12:07:53,49.15
2026-09-19 12:07:54,50.69
2026-09-19 12:07:55,53.72
2026-09-19 12:07:56,49.37
2026-09-19 12:07:57,47.06
2026-09-19 12:07:58,49.93
2026-09-19 12:07:59,48.92
2026-09-19 12:08:00,49.55
2026-09-19 12:08:01,46.38
2026-09-19 12:08:02,47.66
2026-09-19 12:08:03,49.48
2026-09-19 12:08:04,49.52
2026-09-19 12:08:05,52.65
2026-09-19 12:08:06,46.29
2026-09-19 12:08:07,47.51
2026-09-19 12:08:08,50.25
2026-09-19 12:08:09,50.01
2026-09-19 12:08:10,47.58
2026-09-19 12:08:11,47.13
2026-09-19 12:08:12,49.62
2026-09-19 12:08:13,45.85
2026-09-19 12:08:14,48.14
2026-09-19 12:08:15,50.93
2026-09-19 12:08:16,47.98
2026-09-19 12:08:17,46.48
2026-09-19 12:08:18,47.11
2026-09-19 12:08:19,48.94
2026-09-19 12:08:20,54.76
2026-09-19 12:08:21,52.42
2026-09-19 12:08:22,45.85
2026-09-19 12:08:23,49.5
2026-09-19 12:08:24,51.52
2026-09-19 12:08:25,48.84
2026-09-19 12:08:26,48.8
2026-09-19 12:08:27,49.01
2026-09-19 12:08:28,48.67
2026-09-19 12:08:29,50.98
2026-09-19 12:08:30,52.63
2026-09-19 12:08:31,52.32
2026-09-19 12:08:32,51.49
2026-09-19 12:08:33,51.18
2026-09-19 12:08:34,50.15
2026-09-19 12:08:35,52.6
2026-09-19 12:08:36,49.0
2026-09-19 12:08:37,47.93
2026-09-19 12:08:38,49.34
2026-09-19 12:08:39,52.69
2026-09-19 12:08:40,48.69
2026-09-19 12:08:41,50.6
2026-09-19 12:08:42,50.09
2026-09-19 12:08:43,49.24
2026-09-19 12:08:44,49.48
2026-09-19 12:08:45,48.71
2026-09-19 12:08:46,48.82
2026-09-19 12:08:47,49.93
2026-09-19 12:08:48,49.08
2026-09-19 12:08:49,51.12
2026-09-19 12:08:50,50.19
2026-09-19 12:08:51,48.26
2026-09-19 12:08:52,50.69
2026-09-19 12:08:53,47.88
2026-09-19 12:08:54,52.74
2026-09-19 12:08:55,44.25
2026-09-19 12:08:56,52.44
2026-09-19 12:08:57,52.83
2026-09-19 12:08:58,51.73
2026-09-19 12:08:59,48.61
2026-09-19 12:09:00,50.94
2026-09-19 12:09:01,53.27
2026-09-19 12:09:02,50.96
2026-09-19 12:09:03,50.0
2026-09-19 12:09:04,50.5
2026-09-19 12:09:05,51.31
2026-09-19 12:09:06,47.79
2026-09-19 12:09:07,49.54
2026-09-19 12:09:08,47.52
2026-09-19 12:09:09,51.1
2026-09-19 12:09:10,47.66
2026-09-19 12:09:11,49.69
2026-09-19 12:09:12,53.76
2026-09-19 12:09:13,51.02
2026-09-19 12:09:14,49.34
2026-09-19 12:09:15,47.1
2026-09-19 12:09:16,50.33
2026-09-19 12:09:17,48.91
2026-09-19 12:09:18,52.34
2026-09-19 12:09:19,52.5
2026-09-19 12:09:20,50.56
2026-09-19 12:09:21,50.29
2026-09-19 12:09:22,52.14
2026-09-19 12:09:23,51.21
2026-09-19 12:09:24,49.88
2026-09-19 12:09:25,51.28
2026-09-19 12:09:26,51.9
2026-09-19 12:09:27,51.8
2026-09-19 12:09:28,50.14
2026-09-19 12:09:29,51.46
2026-09-19 12:09:30,50.26
2026-09-19 12:09:31,47.37
2026-09-19 12:09:32,48.39
2026-09-19 12:09:33,46.87
2026-09-19 12:09:34,53.92
2026-09-19 12:09:35,48.27
2026-09-19 12:09:36,47.95
2026-09-19 12:09:37,50.14
2026-09-19 12:09:38,49.79
2026-09-19 12:09:39,50.5
2026-09-19 12:09:40,49.6
2026-09-19 12:09:41,51.12
2026-09-19 12:09:42,48.44
2026-09-19 12:09:43,46.97
2026-09-19 12:09:44,51.78
2026-09-19 12:09:45,50.04
2026-09-19 12:09:46,50.53
2026-09-19 12:09:47,49.97
2026-09-19 12:09:48,51.7
2026-09-19 12:09:49,52.43
2026-09-19 12:09:50,51.95
2026-09-19 12:09:51,49.12
2026-09-19 12:09:52,47.34
2026-09-19 12:09:53,48.11
2026-09-19 12:09:54,50.01
2026-09-19 12:09:55,49.63
2026-09-19 12:09:56,51.1
2026-09-19 12:09:57,47.99
2026-09-19 12:09:58,54.47
2026-09-19 12:09:59,48.56
