timestamp,ds,y,scenario,cpu_utilization_pct,p95_latency_ms,p99_latency_ms,active_replicas,is_spike
2026-09-19T12:00:00+00:00,2026-09-19 12:00:00,14.65,GRADUAL,20.0,49.9,67.4,1,0
2026-09-19T12:00:01+00:00,2026-09-19 12:00:01,17.5,GRADUAL,20.0,47.3,63.8,1,0
2026-09-19T12:00:02+00:00,2026-09-19 12:00:02,15.15,GRADUAL,20.0,49.3,66.6,1,0
2026-09-19T12:00:03+00:00,2026-09-19 12:00:03,17.24,GRADUAL,20.0,51.1,69.0,1,0
2026-09-19T12:00:04+00:00,2026-09-19 12:00:04,17.35,GRADUAL,20.0,48.2,65.0,1,0
2026-09-19T12:00:05+00:00,2026-09-19 12:00:05,17.75,GRADUAL,20.0,40.7,54.9,1,0
2026-09-19T12:00:06+00:00,2026-09-19 12:00:06,22.47,GRADUAL,20.0,50.2,67.8,1,0
2026-09-19T12:00:07+00:00,2026-09-19 12:00:07,15.97,GRADUAL,20.0,45.8,61.8,1,0
2026-09-19T12:00:08+00:00,2026-09-19 12:00:08,21.32,GRADUAL,20.0,47.4,64.0,1,0
2026-09-19T12:00:09+00:00,2026-09-19 12:00:09,19.81,GRADUAL,20.0,49.0,66.1,1,0
2026-09-19T12:00:10+00:00,2026-09-19 12:00:10,18.15,GRADUAL,20.0,45.1,60.9,1,0
2026-09-19T12:00:11+00:00,2026-09-19 12:00:11,20.73,GRADUAL,20.0,48.4,65.3,1,0
2026-09-19T12:00:12+00:00,2026-09-19 12:00:12,21.43,GRADUAL,20.0,49.2,66.5,1,0
2026-09-19T12:00:13+00:00,2026-09-19 12:00:13,19.62,GRADUAL,20.0,46.3,62.6,1,0
2026-09-19T12:00:14+00:00,2026-09-19 12:00:14,24.58,GRADUAL,20.0,46.2,62.3,1,0
2026-09-19T12:00:15+00:00,2026-09-19 12:00:15,22.4,GRADUAL,20.0,46.2,62.3,1,0
2026-09-19T12:00:16+00:00,2026-09-19 12:00:16,25.47,GRADUAL,20.0,48.2,65.1,1,0
2026-09-19T12:00:17+00:00,2026-09-19 12:00:17,23.09,GRADUAL,20.0,44.8,60.5,1,0
2026-09-19T12:00:18+00:00,2026-09-19 12:00:18,23.37,GRADUAL,20.0,44.3,59.8,1,0
2026-09-19T12:00:19+00:00,2026-09-19 12:00:19,27.31,GRADUAL,20.0,45.4,61.2,1,0
2026-09-19T12:00:20+00:00,2026-09-19 12:00:20,26.99,GRADUAL,20.0,49.7,67.0,1,0
2026-09-19T12:00:21+00:00,2026-09-19 12:00:21,27.22,GRADUAL,20.0,47.2,63.8,1,0
2026-09-19T12:00:22+00:00,2026-09-19 12:00:22,26.26,GRADUAL,20.0,46.3,62.6,1,0
2026-09-19T12:00:23+00:00,2026-09-19 12:00:23,25.59,GRADUAL,20.0,47.6,64.2,1,0
2026-09-19T12:00:24+00:00,2026-09-19 12:00:24,27.9,GRADUAL,20.0,48.4,65.3,1,0
2026-09-19T12:00:25+00:00,2026-09-19 12:00:25,27.57,GRADUAL,20.0,48.3,65.3,1,0
2026-09-19T12:00:26+00:00,2026-09-19 12:00:26,28.17,GRADUAL,20.0,46.3,62.4,1,0
2026-09-19T12:00:27+00:00,2026-09-19 12:00:27,31.52,GRADUAL,20.0,43.9,59.3,1,0
2026-09-19T12:00:28+00:00,2026-09-19 12:00:28,29.8,GRADUAL,20.0,50.5,68.2,1,0
2026-09-19T12:00:29+00:00,2026-09-19 12:00:29,30.37,GRADUAL,20.0,47.8,64.5,1,0
2026-09-19T12:00:30+00:00,2026-09-19 12:00:30,30.55,GRADUAL,20.0,46.2,62.4,1,0
2026-09-19T12:00:31+00:00,2026-09-19 12:00:31,33.82,GRADUAL,20.0,47.4,64.0,2,0
2026-09-19T12:00:32+00:00,2026-09-19 12:00:32,29.79,GRADUAL,20.0,44.0,59.4,1,0
2026-09-19T12:00:33+00:00,2026-09-19 12:00:33,35.11,GRADUAL,20.0,49.5,66.8,2,0
2026-09-19T12:00:34+00:00,2026-09-19 12:00:34,33.83,GRADUAL,20.0,49.0,66.2,2,0
2026-09-19T12:00:35+00:00,2026-09-19 12:00:35,36.11,GRADUAL,20.3,46.6,63.0,2,0
2026-09-19T12:00:36+00:00,2026-09-19 12:00:36,35.66,GRADUAL,20.0,50.9,68.7,2,0
2026-09-19T12:00:37+00:00,2026-09-19 12:00:37,36.9,GRADUAL,20.0,49.6,67.0,2,0
2026-09-19T12:00:38+00:00,2026-09-19 12:00:38,35.2,GRADUAL,20.0,49.8,67.3,2,0
2026-09-19T12:00:39+00:00,2026-09-19 12:00:39,33.23,GRADUAL,20.0,50.4,68.0,2,0
2026-09-19T12:00:40+00:00,2026-09-19 12:00:40,38.51,GRADUAL,20.0,48.0,64.9,2,0
2026-09-19T12:00:41+00:00,2026-09-19 12:00:41,37.46,GRADUAL,20.0,43.3,58.4,2,0
2026-09-19T12:00:42+00:00,2026-09-19 12:00:42,37.27,GRADUAL,20.0,49.6,67.0,2,0
2026-09-19T12:00:43+00:00,2026-09-19 12:00:43,37.35,GRADUAL,20.0,48.3,65.3,2,0
2026-09-19T12:00:44+00:00,2026-09-19 12:00:44,38.43,GRADUAL,20.0,49.5,66.8,2,0
2026-09-19T12:00:45+00:00,2026-09-19 12:00:45,38.72,GRADUAL,20.0,48.1,64.9,2,0
2026-09-19T12:00:46+00:00,2026-09-19 12:00:46,41.96,GRADUAL,22.9,47.1,63.5,2,0
2026-09-19T12:00:47+00:00,2026-09-19 12:00:47,38.57,GRADUAL,21.3,44.5,60.1,2,0
2026-09-19T12:00:48+00:00,2026-09-19 12:00:48,38.62,GRADUAL,20.3,46.8,63.2,2,0
2026-09-19T12:00:49+00:00,2026-09-19 12:00:49,40.5,GRADUAL,20.7,46.9,63.3,2,0
2026-09-19T12:00:50+00:00,2026-09-19 12:00:50,42.4,GRADUAL,20.9,46.3,62.5,2,0
2026-09-19T12:00:51+00:00,2026-09-19 12:00:51,43.21,GRADUAL,20.6,45.1,60.9,2,0
2026-09-19T12:00:52+00:00,2026-09-19 12:00:52,41.65,GRADUAL,20.7,43.5,58.7,2,0
2026-09-19T12:00:53+00:00,2026-09-19 12:00:53,43.91,GRADUAL,22.8,45.2,61.0,2,0
2026-09-19T12:00:54+00:00,2026-09-19 12:00:54,44.56,GRADUAL,23.0,45.1,60.8,2,0
2026-09-19T12:00:55+00:00,2026-09-19 12:00:55,42.32,GRADUAL,21.4,46.6,62.9,2,0
2026-09-19T12:00:56+00:00,2026-09-19 12:00:56,44.04,GRADUAL,23.0,48.6,65.6,2,0
2026-09-19T12:00:57+00:00,2026-09-19 12:00:57,44.52,GRADUAL,22.1,47.9,64.7,2,0
2026-09-19T12:00:58+00:00,2026-09-19 12:00:58,48.25,GRADUAL,23.3,48.8,65.9,2,0
2026-09-19T12:00:59+00:00,2026-09-19 12:00:59,47.05,GRADUAL,20.4,49.3,66.5,2,0
2026-09-19T12:01:00+00:00,2026-09-19 12:01:00,48.63,GRADUAL,22.8,45.5,61.5,2,0
2026-09-19T12:01:01+00:00,2026-09-19 12:01:01,46.19,GRADUAL,23.9,47.4,64.0,2,0
2026-09-19T12:01:02+00:00,2026-09-19 12:01:02,48.02,GRADUAL,24.2,45.4,61.3,2,0
2026-09-19T12:01:03+00:00,2026-09-19 12:01:03,49.36,GRADUAL,25.1,50.8,68.5,2,0
2026-09-19T12:01:04+00:00,2026-09-19 12:01:04,47.83,GRADUAL,22.9,50.4,68.1,2,0
2026-09-19T12:01:05+00:00,2026-09-19 12:01:05,49.03,GRADUAL,23.2,46.3,62.5,2,0
2026-09-19T12:01:06+00:00,2026-09-19 12:01:06,50.94,GRADUAL,24.1,48.2,65.1,2,0
2026-09-19T12:01:07+00:00,2026-09-19 12:01:07,49.74,GRADUAL,24.9,53.7,72.5,2,0
2026-09-19T12:01:08+00:00,2026-09-19 12:01:08,51.16,GRADUAL,27.5,49.7,67.1,2,0
2026-09-19T12:01:09+00:00,2026-09-19 12:01:09,50.02,GRADUAL,26.0,51.2,69.1,2,0
2026-09-19T12:01:10+00:00,2026-09-19 12:01:10,53.76,GRADUAL,25.0,51.0,68.9,2,0
2026-09-19T12:01:11+00:00,2026-09-19 12:01:11,52.94,GRADUAL,27.0,47.0,63.4,2,0
2026-09-19T12:01:12+00:00,2026-09-19 12:01:12,49.98,GRADUAL,24.7,47.5,64.2,2,0
2026-09-19T12:01:13+00:00,2026-09-19 12:01:13,54.62,GRADUAL,24.4,46.8,63.2,2,0
2026-09-19T12:01:14+00:00,2026-09-19 12:01:14,54.01,GRADUAL,26.7,45.9,61.9,2,0
2026-09-19T12:01:15+00:00,2026-09-19 12:01:15,52.74,GRADUAL,28.0,43.8,59.1,2,0
2026-09-19T12:01:16+00:00,2026-09-19 12:01:16,55.09,GRADUAL,27.6,46.0,62.1,2,0
2026-09-19T12:01:17+00:00,2026-09-19 12:01:17,54.92,GRADUAL,26.9,47.2,63.7,2,0
2026-09-19T12:01:18+00:00,2026-09-19 12:01:18,58.02,GRADUAL,29.3,46.0,62.1,2,0
2026-09-19T12:01:19+00:00,2026-09-19 12:01:19,57.25,GRADUAL,29.8,46.3,62.5,2,0
2026-09-19T12:01:20+00:00,2026-09-19 12:01:20,59.07,GRADUAL,30.5,46.7,63.1,2,0
2026-09-19T12:01:21+00:00,2026-09-19 12:01:21,58.88,GRADUAL,29.9,49.6,66.9,2,0
2026-09-19T12:01:22+00:00,2026-09-19 12:01:22,60.9,GRADUAL,31.1,48.3,65.1,2,0
2026-09-19T12:01:23+00:00,2026-09-19 12:01:23,60.63,GRADUAL,28.4,44.9,60.7,2,0
2026-09-19T12:01:24+00:00,2026-09-19 12:01:24,60.38,GRADUAL,29.4,47.7,64.4,2,0
2026-09-19T12:01:25+00:00,2026-09-19 12:01:25,58.17,GRADUAL,32.1,48.5,65.4,2,0
2026-09-19T12:01:26+00:00,2026-09-19 12:01:26,60.38,GRADUAL,30.1,45.6,61.6,2,0
2026-09-19T12:01:27+00:00,2026-09-19 12:01:27,61.26,GRADUAL,28.2,46.6,62.9,2,0
2026-09-19T12:01:28+00:00,2026-09-19 12:01:28,65.81,GRADUAL,34.7,44.1,59.6,3,0
2026-09-19T12:01:29+00:00,2026-09-19 12:01:29,64.03,GRADUAL,32.1,41.1,55.5,3,0
2026-09-19T12:01:30+00:00,2026-09-19 12:01:30,64.95,GRADUAL,32.2,44.5,60.0,3,0
2026-09-19T12:01:31+00:00,2026-09-19 12:01:31,63.09,GRADUAL,33.3,48.4,65.4,2,0
2026-09-19T12:01:32+00:00,2026-09-19 12:01:32,66.38,GRADUAL,33.3,47.5,64.1,3,0
2026-09-19T12:01:33+00:00,2026-09-19 12:01:33,67.02,GRADUAL,33.4,47.9,64.7,3,0
2026-09-19T12:01:34+00:00,2026-09-19 12:01:34,64.73,GRADUAL,33.8,44.1,59.6,3,0
2026-09-19T12:01:35+00:00,2026-09-19 12:01:35,66.64,GRADUAL,32.7,48.7,65.7,3,0
2026-09-19T12:01:36+00:00,2026-09-19 12:01:36,66.53,GRADUAL,37.5,49.3,66.5,3,0
2026-09-19T12:01:37+00:00,2026-09-19 12:01:37,65.88,GRADUAL,32.4,49.4,66.6,3,0
2026-09-19T12:01:38+00:00,2026-09-19 12:01:38,67.14,GRADUAL,33.6,47.1,63.6,3,0
2026-09-19T12:01:39+00:00,2026-09-19 12:01:39,67.67,GRADUAL,35.9,48.1,64.9,3,0
2026-09-19T12:01:40+00:00,2026-09-19 12:01:40,71.06,GRADUAL,33.5,45.7,61.7,3,0
2026-09-19T12:01:41+00:00,2026-09-19 12:01:41,69.71,GRADUAL,34.1,47.3,63.8,3,0
2026-09-19T12:01:42+00:00,2026-09-19 12:01:42,69.62,GRADUAL,35.2,50.0,67.4,3,0
2026-09-19T12:01:43+00:00,2026-09-19 12:01:43,72.14,GRADUAL,35.3,49.3,66.5,3,0
2026-09-19T12:01:44+00:00,2026-09-19 12:01:44,72.52,GRADUAL,37.9,49.4,66.7,3,0
2026-09-19T12:01:45+00:00,2026-09-19 12:01:45,70.49,GRADUAL,35.4,49.5,66.8,3,0
2026-09-19T12:01:46+00:00,2026-09-19 12:01:46,74.48,GRADUAL,35.1,50.7,68.4,3,0
2026-09-19T12:01:47+00:00,2026-09-19 12:01:47,71.87,GRADUAL,33.9,44.0,59.4,3,0
2026-09-19T12:01:48+00:00,2026-09-19 12:01:48,77.76,GRADUAL,38.0,48.8,65.9,3,0
2026-09-19T12:01:49+00:00,2026-09-19 12:01:49,73.6,GRADUAL,35.5,48.4,65.4,3,0
2026-09-19T12:01:50+00:00,2026-09-19 12:01:50,74.12,GRADUAL,38.9,51.3,69.2,3,0
2026-09-19T12:01:51+00:00,2026-09-19 12:01:51,74.99,GRADUAL,35.3,48.6,65.6,3,0
2026-09-19T12:01:52+00:00,2026-09-19 12:01:52,74.88,GRADUAL,39.2,45.8,61.9,3,0
2026-09-19T12:01:53+00:00,2026-09-19 12:01:53,75.69,GRADUAL,38.0,45.6,61.5,3,0
2026-09-19T12:01:54+00:00,2026-09-19 12:01:54,75.36,GRADUAL,37.1,44.9,60.6,3,0
2026-09-19T12:01:55+00:00,2026-09-19 12:01:55,80.71,GRADUAL,40.0,48.5,65.5,3,0
2026-09-19T12:01:56+00:00,2026-09-19 12:01:56,79.26,GRADUAL,39.3,46.4,62.6,3,0
2026-09-19T12:01:57+00:00,2026-09-19 12:01:57,79.4,GRADUAL,39.6,46.6,62.9,3,0
2026-09-19T12:01:58+00:00,2026-09-19 12:01:58,80.05,GRADUAL,41.7,48.7,65.7,3,0
2026-09-19T12:01:59+00:00,2026-09-19 12:01:59,76.76,GRADUAL,36.5,48.3,65.3,3,0
2026-09-19T12:02:00+00:00,2026-09-19 12:02:00,83.14,GRADUAL,40.9,51.8,69.9,3,0
2026-09-19T12:02:01+00:00,2026-09-19 12:02:01,80.59,GRADUAL,43.5,46.6,62.9,3,0
2026-09-19T12:02:02+00:00,2026-09-19 12:02:02,78.49,GRADUAL,36.7,52.3,70.6,3,0
2026-09-19T12:02:03+00:00,2026-09-19 12:02:03,80.91,GRADUAL,39.9,47.4,64.0,3,0
2026-09-19T12:02:04+00:00,2026-09-19 12:02:04,82.14,GRADUAL,42.4,47.1,63.6,3,0
2026-09-19T12:02:05+00:00,2026-09-19 12:02:05,80.85,GRADUAL,40.9,53.7,72.5,3,0
2026-09-19T12:02:06+00:00,2026-09-19 12:02:06,81.85,GRADUAL,40.7,44.2,59.7,3,0
2026-09-19T12:02:07+00:00,2026-09-19 12:02:07,82.12,GRADUAL,41.3,48.4,65.3,3,0
2026-09-19T12:02:08+00:00,2026-09-19 12:02:08,85.32,GRADUAL,46.1,44.3,59.8,3,0
2026-09-19T12:02:09+00:00,2026-09-19 12:02:09,86.82,GRADUAL,40.1,49.2,66.4,3,0
2026-09-19T12:02:10+00:00,2026-09-19 12:02:10,85.02,GRADUAL,40.9,48.1,64.9,3,0
2026-09-19T12:02:11+00:00,2026-09-19 12:02:11,84.24,GRADUAL,39.0,50.4,68.1,3,0
2026-09-19T12:02:12+00:00,2026-09-19 12:02:12,88.09,GRADUAL,41.3,53.5,72.2,3,0
2026-09-19T12:02:13+00:00,2026-09-19 12:02:13,84.93,GRADUAL,40.9,45.8,61.8,3,0
2026-09-19T12:02:14+00:00,2026-09-19 12:02:14,87.03,GRADUAL,45.7,46.2,62.3,3,0
2026-09-19T12:02:15+00:00,2026-09-19 12:02:15,90.58,GRADUAL,45.1,47.9,64.6,3,0
2026-09-19T12:02:16+00:00,2026-09-19 12:02:16,90.67,GRADUAL,46.2,41.9,56.6,3,0
2026-09-19T12:02:17+00:00,2026-09-19 12:02:17,87.4,GRADUAL,41.8,47.1,63.6,3,0
2026-09-19T12:02:18+00:00,2026-09-19 12:02:18,86.27,GRADUAL,40.5,50.6,68.3,3,0
2026-09-19T12:02:19+00:00,2026-09-19 12:02:19,88.15,GRADUAL,45.3,49.7,67.1,3,0
2026-09-19T12:02:20+00:00,2026-09-19 12:02:20,90.61,GRADUAL,45.0,49.2,66.5,3,0
2026-09-19T12:02:21+00:00,2026-09-19 12:02:21,92.4,GRADUAL,46.4,47.6,64.3,3,0
2026-09-19T12:02:22+00:00,2026-09-19 12:02:22,93.43,GRADUAL,48.9,49.8,67.2,3,0
2026-09-19T12:02:23+00:00,2026-09-19 12:02:23,90.61,GRADUAL,45.5,49.5,66.9,3,0
2026-09-19T12:02:24+00:00,2026-09-19 12:02:24,93.42,GRADUAL,44.8,49.7,67.1,3,0
2026-09-19T12:02:25+00:00,2026-09-19 12:02:25,92.25,GRADUAL,46.1,44.8,60.5,3,0
2026-09-19T12:02:26+00:00,2026-09-19 12:02:26,93.85,GRADUAL,45.2,49.7,67.1,3,0
2026-09-19T12:02:27+00:00,2026-09-19 12:02:27,96.22,GRADUAL,47.6,47.4,64.0,4,0
2026-09-19T12:02:28+00:00,2026-09-19 12:02:28,92.99,GRADUAL,45.3,48.4,65.4,3,0
2026-09-19T12:02:29+00:00,2026-09-19 12:02:29,93.54,GRADUAL,47.0,50.0,67.5,3,0
2026-09-19T12:02:30+00:00,2026-09-19 12:02:30,94.36,GRADUAL,45.6,47.5,64.1,3,0
2026-09-19T12:02:31+00:00,2026-09-19 12:02:31,98.6,GRADUAL,49.1,46.5,62.8,4,0
2026-09-19T12:02:32+00:00,2026-09-19 12:02:32,97.5,GRADUAL,49.4,42.7,57.6,4,0
2026-09-19T12:02:33+00:00,2026-09-19 12:02:33,99.28,GRADUAL,51.1,48.2,65.1,4,0
2026-09-19T12:02:34+00:00,2026-09-19 12:02:34,96.24,GRADUAL,48.3,49.0,66.1,4,0
2026-09-19T12:02:35+00:00,2026-09-19 12:02:35,98.24,GRADUAL,49.6,45.2,61.0,4,0
2026-09-19T12:02:36+00:00,2026-09-19 12:02:36,97.52,GRADUAL,50.3,47.2,63.7,4,0
2026-09-19T12:02:37+00:00,2026-09-19 12:02:37,98.07,GRADUAL,47.6,46.7,63.1,4,0
2026-09-19T12:02:38+00:00,2026-09-19 12:02:38,97.6,GRADUAL,49.7,50.2,67.7,4,0
2026-09-19T12:02:39+00:00,2026-09-19 12:02:39,99.08,GRADUAL,49.2,49.2,66.4,4,0
2026-09-19T12:02:40+00:00,2026-09-19 12:02:40,102.04,GRADUAL,50.9,45.8,61.9,4,0
2026-09-19T12:02:41+00:00,2026-09-19 12:02:41,104.35,GRADUAL,52.5,46.7,63.0,4,0
2026-09-19T12:02:42+00:00,2026-09-19 12:02:42,102.62,GRADUAL,48.2,49.3,66.6,4,0
2026-09-19T12:02:43+00:00,2026-09-19 12:02:43,103.31,GRADUAL,51.1,52.6,70.9,4,0
2026-09-19T12:02:44+00:00,2026-09-19 12:02:44,103.98,GRADUAL,49.6,46.7,63.1,4,0
2026-09-19T12:02:45+00:00,2026-09-19 12:02:45,104.0,GRADUAL,50.3,51.7,69.8,4,0
2026-09-19T12:02:46+00:00,2026-09-19 12:02:46,104.69,GRADUAL,53.1,45.8,61.8,4,0
2026-09-19T12:02:47+00:00,2026-09-19 12:02:47,102.37,GRADUAL,52.3,49.1,66.3,4,0
2026-09-19T12:02:48+00:00,2026-09-19 12:02:48,104.1,GRADUAL,53.9,46.0,62.1,4,0
2026-09-19T12:02:49+00:00,2026-09-19 12:02:49,105.41,GRADUAL,51.7,45.7,61.8,4,0
2026-09-19T12:02:50+00:00,2026-09-19 12:02:50,107.67,GRADUAL,54.0,45.7,61.7,4,0
2026-09-19T12:02:51+00:00,2026-09-19 12:02:51,108.06,GRADUAL,54.0,47.5,64.1,4,0
2026-09-19T12:02:52+00:00,2026-09-19 12:02:52,107.65,GRADUAL,56.1,45.0,60.8,4,0
2026-09-19T12:02:53+00:00,2026-09-19 12:02:53,107.69,GRADUAL,53.3,43.0,58.1,4,0
2026-09-19T12:02:54+00:00,2026-09-19 12:02:54,108.34,GRADUAL,55.6,43.7,59.1,4,0
2026-09-19T12:02:55+00:00,2026-09-19 12:02:55,111.37,GRADUAL,54.4,51.6,69.7,4,0
2026-09-19T12:02:56+00:00,2026-09-19 12:02:56,110.31,GRADUAL,54.4,48.4,65.3,4,0
2026-09-19T12:02:57+00:00,2026-09-19 12:02:57,111.16,GRADUAL,54.9,47.2,63.7,4,0
2026-09-19T12:02:58+00:00,2026-09-19 12:02:58,110.7,GRADUAL,57.3,43.8,59.1,4,0
2026-09-19T12:02:59+00:00,2026-09-19 12:02:59,112.65,GRADUAL,59.4,47.7,64.4,4,0
2026-09-19T12:03:00+00:00,2026-09-19 12:03:00,112.12,GRADUAL,55.2,51.6,69.7,4,0
2026-09-19T12:03:01+00:00,2026-09-19 12:03:01,113.26,GRADUAL,57.0,45.9,61.9,4,0
2026-09-19T12:03:02+00:00,2026-09-19 12:03:02,115.9,GRADUAL,58.0,50.4,68.0,4,0
2026-09-19T12:03:03+00:00,2026-09-19 12:03:03,114.83,GRADUAL,58.1,50.0,67.5,4,0
2026-09-19T12:03:04+00:00,2026-09-19 12:03:04,114.89,GRADUAL,58.1,53.0,71.5,4,0
2026-09-19T12:03:05+00:00,2026-09-19 12:03:05,113.71,GRADUAL,57.8,45.7,61.7,4,0
2026-09-19T12:03:06+00:00,2026-09-19 12:03:06,115.75,GRADUAL,55.6,45.0,60.8,4,0
2026-09-19T12:03:07+00:00,2026-09-19 12:03:07,118.27,GRADUAL,59.7,44.8,60.5,4,0
2026-09-19T12:03:08+00:00,2026-09-19 12:03:08,114.61,GRADUAL,56.4,49.0,66.1,4,0
2026-09-19T12:03:09+00:00,2026-09-19 12:03:09,116.31,GRADUAL,57.1,47.7,64.4,4,0
2026-09-19T12:03:10+00:00,2026-09-19 12:03:10,118.12,GRADUAL,59.6,47.8,64.5,4,0
2026-09-19T12:03:11+00:00,2026-09-19 12:03:11,115.54,GRADUAL,59.9,46.2,62.3,4,0
2026-09-19T12:03:12+00:00,2026-09-19 12:03:12,119.34,GRADUAL,62.1,47.2,63.7,4,0
2026-09-19T12:03:13+00:00,2026-09-19 12:03:13,117.98,GRADUAL,59.3,52.3,70.6,4,0
2026-09-19T12:03:14+00:00,2026-09-19 12:03:14,117.48,GRADUAL,58.4,48.8,65.8,4,0
2026-09-19T12:03:15+00:00,2026-09-19 12:03:15,119.15,GRADUAL,58.8,49.8,67.2,4,0
2026-09-19T12:03:16+00:00,2026-09-19 12:03:16,119.94,GRADUAL,57.9,45.0,60.8,4,0
2026-09-19T12:03:17+00:00,2026-09-19 12:03:17,120.57,GRADUAL,60.8,48.4,65.4,4,1
2026-09-19T12:03:18+00:00,2026-09-19 12:03:18,121.39,GRADUAL,60.3,51.1,69.0,4,1
2026-09-19T12:03:19+00:00,2026-09-19 12:03:19,120.79,GRADUAL,60.9,45.1,60.9,4,1
2026-09-19T12:03:20+00:00,2026-09-19 12:03:20,124.22,GRADUAL,63.2,49.0,66.1,4,1
2026-09-19T12:03:21+00:00,2026-09-19 12:03:21,122.67,GRADUAL,62.3,46.4,62.6,4,1
2026-09-19T12:03:22+00:00,2026-09-19 12:03:22,124.36,GRADUAL,63.5,46.7,63.1,4,1
2026-09-19T12:03:23+00:00,2026-09-19 12:03:23,121.25,GRADUAL,59.7,49.2,66.4,4,1
2026-09-19T12:03:24+00:00,2026-09-19 12:03:24,127.73,GRADUAL,62.5,48.4,65.3,4,1
2026-09-19T12:03:25+00:00,2026-09-19 12:03:25,124.52,GRADUAL,62.3,49.7,67.1,4,1
2026-09-19T12:03:26+00:00,2026-09-19 12:03:26,126.11,GRADUAL,64.4,46.8,63.2,4,1
2026-09-19T12:03:27+00:00,2026-09-19 12:03:27,124.38,GRADUAL,62.7,46.5,62.7,4,1
2026-09-19T12:03:28+00:00,2026-09-19 12:03:28,127.74,GRADUAL,63.6,51.1,69.0,4,1
2026-09-19T12:03:29+00:00,2026-09-19 12:03:29,126.9,GRADUAL,62.5,49.4,66.7,4,1
2026-09-19T12:03:30+00:00,2026-09-19 12:03:30,125.76,GRADUAL,62.8,46.6,62.9,4,1
2026-09-19T12:03:31+00:00,2026-09-19 12:03:31,130.48,GRADUAL,64.2,46.2,62.4,5,1
2026-09-19T12:03:32+00:00,2026-09-19 12:03:32,132.21,GRADUAL,67.9,48.9,66.1,5,1
2026-09-19T12:03:33+00:00,2026-09-19 12:03:33,129.87,GRADUAL,67.0,47.4,64.0,5,1
2026-09-19T12:03:34+00:00,2026-09-19 12:03:34,131.82,GRADUAL,64.1,46.3,62.5,5,1
2026-09-19T12:03:35+00:00,2026-09-19 12:03:35,129.23,GRADUAL,62.3,44.6,60.2,5,1
2026-09-19T12:03:36+00:00,2026-09-19 12:03:36,131.13,GRADUAL,64.3,46.5,62.8,5,1
2026-09-19T12:03:37+00:00,2026-09-19 12:03:37,129.7,GRADUAL,62.5,49.7,67.0,5,1
2026-09-19T12:03:38+00:00,2026-09-19 12:03:38,132.96,GRADUAL,65.6,51.2,69.1,5,1
2026-09-19T12:03:39+00:00,2026-09-19 12:03:39,133.06,GRADUAL,68.0,51.0,68.8,5,1
2026-09-19T12:03:40+00:00,2026-09-19 12:03:40,132.86,GRADUAL,67.5,47.6,64.2,5,1
2026-09-19T12:03:41+00:00,2026-09-19 12:03:41,131.77,GRADUAL,63.6,49.3,66.5,5,1
2026-09-19T12:03:42+00:00,2026-09-19 12:03:42,137.31,GRADUAL,69.5,50.2,67.8,5,1
2026-09-19T12:03:43+00:00,2026-09-19 12:03:43,135.44,GRADUAL,67.5,49.4,66.6,5,1
2026-09-19T12:03:44+00:00,2026-09-19 12:03:44,133.22,GRADUAL,68.2,51.7,69.8,5,1
2026-09-19T12:03:45+00:00,2026-09-19 12:03:45,136.48,GRADUAL,67.4,50.9,68.8,5,1
2026-09-19T12:03:46+00:00,2026-09-19 12:03:46,137.45,GRADUAL,71.1,48.0,64.8,5,1
2026-09-19T12:03:47+00:00,2026-09-19 12:03:47,138.85,GRADUAL,70.9,49.3,66.6,5,1
2026-09-19T12:03:48+00:00,2026-09-19 12:03:48,136.61,GRADUAL,66.0,54.6,73.7,5,1
2026-09-19T12:03:49+00:00,2026-09-19 12:03:49,138.94,GRADUAL,69.8,51.5,69.6,5,1
2026-09-19T12:03:50+00:00,2026-09-19 12:03:50,137.31,GRADUAL,69.6,45.8,61.8,5,1
2026-09-19T12:03:51+00:00,2026-09-19 12:03:51,139.36,GRADUAL,70.5,43.1,58.2,5,1
2026-09-19T12:03:52+00:00,2026-09-19 12:03:52,141.33,GRADUAL,68.9,47.3,63.8,5,1
2026-09-19T12:03:53+00:00,2026-09-19 12:03:53,138.5,GRADUAL,67.8,47.8,64.5,5,1
2026-09-19T12:03:54+00:00,2026-09-19 12:03:54,140.11,GRADUAL,72.6,45.7,61.7,5,1
2026-09-19T12:03:55+00:00,2026-09-19 12:03:55,142.35,GRADUAL,70.9,50.0,67.5,5,1
2026-09-19T12:03:56+00:00,2026-09-19 12:03:56,140.78,GRADUAL,68.8,49.2,66.5,5,1
2026-09-19T12:03:57+00:00,2026-09-19 12:03:57,144.71,GRADUAL,72.3,51.3,69.2,5,1
2026-09-19T12:03:58+00:00,2026-09-19 12:03:58,142.05,GRADUAL,71.2,50.5,68.2,5,1
2026-09-19T12:03:59+00:00,2026-09-19 12:03:59,144.33,GRADUAL,71.9,45.5,61.5,5,1
2026-09-19T12:04:00+00:00,2026-09-19 12:04:00,143.54,GRADUAL,70.3,52.9,71.4,5,1
2026-09-19T12:04:01+00:00,2026-09-19 12:04:01,145.78,GRADUAL,73.2,43.5,58.7,5,1
2026-09-19T12:04:02+00:00,2026-09-19 12:04:02,144.66,GRADUAL,74.6,51.0,68.9,5,1
2026-09-19T12:04:03+00:00,2026-09-19 12:04:03,147.25,GRADUAL,73.5,49.0,66.2,5,1
2026-09-19T12:04:04+00:00,2026-09-19 12:04:04,146.51,GRADUAL,73.8,43.8,59.2,5,1
2026-09-19T12:04:05+00:00,2026-09-19 12:04:05,148.64,GRADUAL,75.8,49.7,67.2,5,1
2026-09-19T12:04:06+00:00,2026-09-19 12:04:06,149.37,GRADUAL,76.7,49.2,66.4,5,1
2026-09-19T12:04:07+00:00,2026-09-19 12:04:07,151.1,GRADUAL,74.7,44.2,59.7,5,1
2026-09-19T12:04:08+00:00,2026-09-19 12:04:08,145.64,GRADUAL,69.7,48.9,66.1,5,1
2026-09-19T12:04:09+00:00,2026-09-19 12:04:09,148.18,GRADUAL,72.7,49.7,67.1,5,1
2026-09-19T12:04:10+00:00,2026-09-19 12:04:10,150.08,GRADUAL,73.2,47.2,63.8,5,1
2026-09-19T12:04:11+00:00,2026-09-19 12:04:11,147.94,GRADUAL,76.2,50.7,68.4,5,1
2026-09-19T12:04:12+00:00,2026-09-19 12:04:12,154.34,GRADUAL,77.8,45.4,61.2,5,1
2026-09-19T12:04:13+00:00,2026-09-19 12:04:13,148.34,GRADUAL,75.3,48.3,65.1,5,1
2026-09-19T12:04:14+00:00,2026-09-19 12:04:14,149.2,GRADUAL,75.6,49.6,67.0,5,1
2026-09-19T12:04:15+00:00,2026-09-19 12:04:15,150.14,GRADUAL,74.6,50.5,68.2,5,1
2026-09-19T12:04:16+00:00,2026-09-19 12:04:16,147.97,GRADUAL,73.3,51.3,69.2,5,1
2026-09-19T12:04:17+00:00,2026-09-19 12:04:17,148.79,GRADUAL,74.5,49.2,66.5,5,1
2026-09-19T12:04:18+00:00,2026-09-19 12:04:18,148.84,GRADUAL,74.3,49.7,67.1,5,1
2026-09-19T12:04:19+00:00,2026-09-19 12:04:19,150.58,GRADUAL,77.4,46.3,62.5,5,1
2026-09-19T12:04:20+00:00,2026-09-19 12:04:20,152.77,GRADUAL,78.1,47.3,63.8,5,1
2026-09-19T12:04:21+00:00,2026-09-19 12:04:21,146.63,GRADUAL,73.5,48.5,65.5,5,1
2026-09-19T12:04:22+00:00,2026-09-19 12:04:22,152.65,GRADUAL,75.8,44.6,60.2,5,1
2026-09-19T12:04:23+00:00,2026-09-19 12:04:23,149.3,GRADUAL,75.4,51.2,69.1,5,1
2026-09-19T12:04:24+00:00,2026-09-19 12:04:24,151.27,GRADUAL,71.9,44.1,59.6,5,1
2026-09-19T12:04:25+00:00,2026-09-19 12:04:25,147.14,GRADUAL,73.9,46.9,63.4,5,1
2026-09-19T12:04:26+00:00,2026-09-19 12:04:26,151.66,GRADUAL,74.0,51.5,69.6,5,1
2026-09-19T12:04:27+00:00,2026-09-19 12:04:27,148.67,GRADUAL,76.9,45.7,61.8,5,1
2026-09-19T12:04:28+00:00,2026-09-19 12:04:28,152.13,GRADUAL,75.6,48.1,64.9,5,1
2026-09-19T12:04:29+00:00,2026-09-19 12:04:29,150.87,GRADUAL,75.6,43.0,58.1,5,1
2026-09-19T12:04:30+00:00,2026-09-19 12:04:30,148.29,GRADUAL,72.5,48.2,65.1,5,1
2026-09-19T12:04:31+00:00,2026-09-19 12:04:31,151.18,GRADUAL,73.3,43.8,59.2,5,1
2026-09-19T12:04:32+00:00,2026-09-19 12:04:32,154.2,GRADUAL,77.0,48.0,64.8,5,1
2026-09-19T12:04:33+00:00,2026-09-19 12:04:33,149.04,GRADUAL,76.0,45.8,61.8,5,1
2026-09-19T12:04:34+00:00,2026-09-19 12:04:34,148.55,GRADUAL,73.9,47.9,64.7,5,1
2026-09-19T12:04:35+00:00,2026-09-19 12:04:35,148.51,GRADUAL,74.1,52.9,71.5,5,1
2026-09-19T12:04:36+00:00,2026-09-19 12:04:36,142.46,GRADUAL,73.5,45.3,61.1,5,1
2026-09-19T12:04:37+00:00,2026-09-19 12:04:37,148.64,GRADUAL,70.4,45.1,60.9,5,1
2026-09-19T12:04:38+00:00,2026-09-19 12:04:38,153.34,GRADUAL,74.0,47.9,64.7,5,1
2026-09-19T12:04:39+00:00,2026-09-19 12:04:39,147.2,GRADUAL,76.0,48.3,65.3,5,1
2026-09-19T12:04:40+00:00,2026-09-19 12:04:40,153.22,GRADUAL,74.6,46.2,62.4,5,1
2026-09-19T12:04:41+00:00,2026-09-19 12:04:41,146.0,GRADUAL,72.4,45.7,61.7,5,1
2026-09-19T12:04:42+00:00,2026-09-19 12:04:42,147.56,GRADUAL,75.7,51.8,70.0,5,1
2026-09-19T12:04:43+00:00,2026-09-19 12:04:43,151.22,GRADUAL,77.4,46.9,63.3,5,1
2026-09-19T12:04:44+00:00,2026-09-19 12:04:44,149.04,GRADUAL,74.5,47.8,64.5,5,1
2026-09-19T12:04:45+00:00,2026-09-19 12:04:45,148.73,GRADUAL,72.8,49.0,66.1,5,1
2026-09-19T12:04:46+00:00,2026-09-19 12:04:46,148.48,GRADUAL,74.0,47.0,63.5,5,1
2026-09-19T12:04:47+00:00,2026-09-19 12:04:47,152.33,GRADUAL,78.3,50.1,67.6,5,1
2026-09-19T12:04:48+00:00,2026-09-19 12:04:48,149.26,GRADUAL,73.6,46.0,62.1,5,1
2026-09-19T12:04:49+00:00,2026-09-19 12:04:49,149.02,GRADUAL,75.5,44.5,60.1,5,1
2026-09-19T12:04:50+00:00,2026-09-19 12:04:50,150.73,GRADUAL,73.3,48.7,65.7,5,1
2026-09-19T12:04:51+00:00,2026-09-19 12:04:51,152.9,GRADUAL,77.2,51.8,70.0,5,1
2026-09-19T12:04:52+00:00,2026-09-19 12:04:52,149.74,GRADUAL,73.7,46.4,62.6,5,1
2026-09-19T12:04:53+00:00,2026-09-19 12:04:53,145.34,GRADUAL,71.9,47.2,63.7,5,1
2026-09-19T12:04:54+00:00,2026-09-19 12:04:54,149.78,GRADUAL,74.7,51.3,69.2,5,1
2026-09-19T12:04:55+00:00,2026-09-19 12:04:55,147.35,GRADUAL,74.0,47.1,63.6,5,1
2026-09-19T12:04:56+00:00,2026-09-19 12:04:56,155.0,GRADUAL,76.7,45.5,61.4,5,1
2026-09-19T12:04:57+00:00,2026-09-19 12:04:57,145.15,GRADUAL,72.2,53.0,71.6,5,1
2026-09-19T12:04:58+00:00,2026-09-19 12:04:58,149.79,GRADUAL,75.7,52.9,71.4,5,1
2026-09-19T12:04:59+00:00,2026-09-19 12:04:59,145.82,GRADUAL,75.0,47.1,63.5,5,1
2026-09-19T12:05:00+00:00,2026-09-19 12:05:00,153.43,GRADUAL,79.0,47.3,63.9,5,1
2026-09-19T12:05:01+00:00,2026-09-19 12:05:01,151.71,GRADUAL,75.5,47.9,64.7,5,1
2026-09-19T12:05:02+00:00,2026-09-19 12:05:02,149.97,GRADUAL,78.4,44.9,60.6,5,1
2026-09-19T12:05:03+00:00,2026-09-19 12:05:03,149.61,GRADUAL,74.5,45.1,60.9,5,1
2026-09-19T12:05:04+00:00,2026-09-19 12:05:04,149.33,GRADUAL,74.9,49.0,66.1,5,1
2026-09-19T12:05:05+00:00,2026-09-19 12:05:05,151.28,GRADUAL,75.8,50.3,67.8,5,1
2026-09-19T12:05:06+00:00,2026-09-19 12:05:06,146.84,GRADUAL,76.4,45.6,61.6,5,1
2026-09-19T12:05:07+00:00,2026-09-19 12:05:07,150.01,GRADUAL,75.4,47.3,63.9,5,1
2026-09-19T12:05:08+00:00,2026-09-19 12:05:08,149.16,GRADUAL,75.2,51.4,69.4,5,1
2026-09-19T12:05:09+00:00,2026-09-19 12:05:09,150.81,GRADUAL,78.5,48.2,65.0,5,1
2026-09-19T12:05:10+00:00,2026-09-19 12:05:10,150.45,GRADUAL,76.3,47.4,64.0,5,1
2026-09-19T12:05:11+00:00,2026-09-19 12:05:11,148.42,GRADUAL,72.4,47.7,64.4,5,1
2026-09-19T12:05:12+00:00,2026-09-19 12:05:12,151.0,GRADUAL,74.9,43.3,58.5,5,1
2026-09-19T12:05:13+00:00,2026-09-19 12:05:13,150.27,GRADUAL,76.7,49.8,67.2,5,1
2026-09-19T12:05:14+00:00,2026-09-19 12:05:14,154.66,GRADUAL,78.2,50.7,68.4,5,1
2026-09-19T12:05:15+00:00,2026-09-19 12:05:15,151.57,GRADUAL,73.7,48.2,65.1,5,1
2026-09-19T12:05:16+00:00,2026-09-19 12:05:16,148.73,GRADUAL,76.1,46.1,62.3,5,1
2026-09-19T12:05:17+00:00,2026-09-19 12:05:17,149.91,GRADUAL,75.5,51.8,70.0,5,1
2026-09-19T12:05:18+00:00,2026-09-19 12:05:18,147.83,GRADUAL,73.5,42.8,57.8,5,1
2026-09-19T12:05:19+00:00,2026-09-19 12:05:19,155.7,GRADUAL,78.6,52.9,71.5,5,1
2026-09-19T12:05:20+00:00,2026-09-19 12:05:20,151.9,GRADUAL,75.7,46.9,63.4,5,1
2026-09-19T12:05:21+00:00,2026-09-19 12:05:21,147.13,GRADUAL,72.1,52.2,70.5,5,1
2026-09-19T12:05:22+00:00,2026-09-19 12:05:22,152.4,GRADUAL,74.0,46.6,62.9,5,1
2026-09-19T12:05:23+00:00,2026-09-19 12:05:23,146.5,GRADUAL,73.5,44.4,59.9,5,1
2026-09-19T12:05:24+00:00,2026-09-19 12:05:24,150.63,GRADUAL,74.6,49.1,66.2,5,1
2026-09-19T12:05:25+00:00,2026-09-19 12:05:25,150.42,GRADUAL,72.8,47.6,64.3,5,1
2026-09-19T12:05:26+00:00,2026-09-19 12:05:26,149.82,GRADUAL,75.7,48.4,65.3,5,1
2026-09-19T12:05:27+00:00,2026-09-19 12:05:27,149.79,GRADUAL,74.2,43.4,58.5,5,1
2026-09-19T12:05:28+00:00,2026-09-19 12:05:28,149.26,GRADUAL,74.4,45.3,61.2,5,1
2026-09-19T12:05:29+00:00,2026-09-19 12:05:29,149.91,GRADUAL,77.1,48.8,65.9,5,1
2026-09-19T12:05:30+00:00,2026-09-19 12:05:30,147.7,GRADUAL,73.3,47.1,63.5,5,1
2026-09-19T12:05:31+00:00,2026-09-19 12:05:31,155.07,GRADUAL,78.4,52.0,70.1,5,1
2026-09-19T12:05:32+00:00,2026-09-19 12:05:32,150.9,GRADUAL,73.8,49.1,66.3,5,1
2026-09-19T12:05:33+00:00,2026-09-19 12:05:33,151.5,GRADUAL,76.2,47.7,64.5,5,1
2026-09-19T12:05:34+00:00,2026-09-19 12:05:34,147.52,GRADUAL,72.7,46.2,62.3,5,1
2026-09-19T12:05:35+00:00,2026-09-19 12:05:35,148.94,GRADUAL,75.9,46.6,62.9,5,1
2026-09-19T12:05:36+00:00,2026-09-19 12:05:36,150.32,GRADUAL,73.6,45.3,61.2,5,1
2026-09-19T12:05:37+00:00,2026-09-19 12:05:37,149.21,GRADUAL,72.2,46.6,62.9,5,1
2026-09-19T12:05:38+00:00,2026-09-19 12:05:38,151.37,GRADUAL,77.5,45.3,61.2,5,1
2026-09-19T12:05:39+00:00,2026-09-19 12:05:39,150.6,GRADUAL,75.8,47.8,64.5,5,1
2026-09-19T12:05:40+00:00,2026-09-19 12:05:40,146.56,GRADUAL,72.5,47.7,64.4,5,1
2026-09-19T12:05:41+00:00,2026-09-19 12:05:41,151.33,GRADUAL,76.1,48.7,65.7,5,1
2026-09-19T12:05:42+00:00,2026-09-19 12:05:42,148.75,GRADUAL,74.1,46.0,62.1,5,1
2026-09-19T12:05:43+00:00,2026-09-19 12:05:43,148.37,GRADUAL,74.9,48.3,65.1,5,1
2026-09-19T12:05:44+00:00,2026-09-19 12:05:44,147.55,GRADUAL,73.5,50.3,67.9,5,1
2026-09-19T12:05:45+00:00,2026-09-19 12:05:45,154.76,GRADUAL,78.1,43.7,59.0,5,1
2026-09-19T12:05:46+00:00,2026-09-19 12:05:46,150.72,GRADUAL,75.5,51.7,69.8,5,1
2026-09-19T12:05:47+00:00,2026-09-19 12:05:47,154.67,GRADUAL,80.3,49.8,67.3,5,1
2026-09-19T12:05:48+00:00,2026-09-19 12:05:48,148.74,GRADUAL,75.1,49.6,67.0,5,1
2026-09-19T12:05:49+00:00,2026-09-19 12:05:49,151.06,GRADUAL,72.5,50.3,67.9,5,1
2026-09-19T12:05:50+00:00,2026-09-19 12:05:50,149.92,GRADUAL,75.9,46.9,63.3,5,1
2026-09-19T12:05:51+00:00,2026-09-19 12:05:51,150.77,GRADUAL,77.4,53.6,72.3,5,1
2026-09-19T12:05:52+00:00,2026-09-19 12:05:52,147.81,GRADUAL,72.4,49.2,66.4,5,1
2026-09-19T12:05:53+00:00,2026-09-19 12:05:53,148.49,GRADUAL,73.5,49.7,67.1,5,1
2026-09-19T12:05:54+00:00,2026-09-19 12:05:54,149.34,GRADUAL,73.5,45.1,60.9,5,1
2026-09-19T12:05:55+00:00,2026-09-19 12:05:55,146.48,GRADUAL,72.1,49.9,67.3,5,1
2026-09-19T12:05:56+00:00,2026-09-19 12:05:56,150.66,GRADUAL,74.7,46.9,63.3,5,1
2026-09-19T12:05:57+00:00,2026-09-19 12:05:57,145.82,GRADUAL,70.4,48.4,65.4,5,1
2026-09-19T12:05:58+00:00,2026-09-19 12:05:58,143.17,GRADUAL,66.8,51.8,69.9,5,1
2026-09-19T12:05:59+00:00,2026-09-19 12:05:59,146.85,GRADUAL,70.1,49.4,66.7,5,1
2026-09-19T12:06:00+00:00,2026-09-19 12:06:00,144.26,GRADUAL,71.1,50.1,67.6,5,1
2026-09-19T12:06:01+00:00,2026-09-19 12:06:01,140.95,GRADUAL,69.3,46.6,62.9,5,1
2026-09-19T12:06:02+00:00,2026-09-19 12:06:02,144.75,GRADUAL,70.9,49.5,66.9,5,1
2026-09-19T12:06:03+00:00,2026-09-19 12:06:03,142.5,GRADUAL,71.4,43.8,59.1,5,1
2026-09-19T12:06:04+00:00,2026-09-19 12:06:04,143.74,GRADUAL,72.7,51.2,69.1,5,1
2026-09-19T12:06:05+00:00,2026-09-19 12:06:05,141.01,GRADUAL,69.3,45.5,61.4,5,1
2026-09-19T12:06:06+00:00,2026-09-19 12:06:06,142.58,GRADUAL,70.1,50.0,67.4,5,1
2026-09-19T12:06:07+00:00,2026-09-19 12:06:07,140.75,GRADUAL,71.8,47.9,64.6,5,1
2026-09-19T12:06:08+00:00,2026-09-19 12:06:08,140.0,GRADUAL,72.5,47.7,64.4,5,1
2026-09-19T12:06:09+00:00,2026-09-19 12:06:09,138.15,GRADUAL,66.6,49.5,66.8,5,1
2026-09-19T12:06:10+00:00,2026-09-19 12:06:10,139.45,GRADUAL,71.1,49.8,67.2,5,1
2026-09-19T12:06:11+00:00,2026-09-19 12:06:11,139.67,GRADUAL,70.1,45.1,60.9,5,1
2026-09-19T12:06:12+00:00,2026-09-19 12:06:12,139.78,GRADUAL,70.6,42.7,57.6,5,1
2026-09-19T12:06:13+00:00,2026-09-19 12:06:13,137.03,GRADUAL,68.5,48.2,65.0,5,1
2026-09-19T12:06:14+00:00,2026-09-19 12:06:14,136.91,GRADUAL,68.2,51.7,69.8,5,1
2026-09-19T12:06:15+00:00,2026-09-19 12:06:15,137.01,GRADUAL,68.2,49.3,66.5,5,1
2026-09-19T12:06:16+00:00,2026-09-19 12:06:16,135.78,GRADUAL,66.7,44.9,60.6,5,1
2026-09-19T12:06:17+00:00,2026-09-19 12:06:17,135.85,GRADUAL,68.3,43.0,58.0,5,1
2026-09-19T12:06:18+00:00,2026-09-19 12:06:18,132.9,GRADUAL,67.7,51.5,69.6,5,1
2026-09-19T12:06:19+00:00,2026-09-19 12:06:19,132.88,GRADUAL,65.2,48.4,65.3,5,1
2026-09-19T12:06:20+00:00,2026-09-19 12:06:20,134.51,GRADUAL,64.4,48.9,66.1,5,1
2026-09-19T12:06:21+00:00,2026-09-19 12:06:21,133.76,GRADUAL,68.5,46.2,62.4,5,1
2026-09-19T12:06:22+00:00,2026-09-19 12:06:22,133.33,GRADUAL,66.4,43.6,58.8,5,1
2026-09-19T12:06:23+00:00,2026-09-19 12:06:23,132.16,GRADUAL,66.0,46.4,62.7,5,1
2026-09-19T12:06:24+00:00,2026-09-19 12:06:24,132.54,GRADUAL,67.4,47.4,64.1,5,1
2026-09-19T12:06:25+00:00,2026-09-19 12:06:25,128.86,GRADUAL,64.0,48.5,65.5,5,1
2026-09-19T12:06:26+00:00,2026-09-19 12:06:26,130.26,GRADUAL,61.8,47.4,63.9,5,1
2026-09-19T12:06:27+00:00,2026-09-19 12:06:27,128.74,GRADUAL,65.5,46.3,62.4,5,1
2026-09-19T12:06:28+00:00,2026-09-19 12:06:28,129.24,GRADUAL,66.6,46.4,62.6,5,1
2026-09-19T12:06:29+00:00,2026-09-19 12:06:29,130.85,GRADUAL,64.6,47.7,64.4,5,1
2026-09-19T12:06:30+00:00,2026-09-19 12:06:30,127.25,GRADUAL,63.2,49.8,67.2,4,1
2026-09-19T12:06:31+00:00,2026-09-19 12:06:31,125.87,GRADUAL,63.2,46.1,62.2,4,1
2026-09-19T12:06:32+00:00,2026-09-19 12:06:32,129.11,GRADUAL,64.9,49.7,67.0,5,1
2026-09-19T12:06:33+00:00,2026-09-19 12:06:33,125.45,GRADUAL,62.0,54.7,73.8,4,1
2026-09-19T12:06:34+00:00,2026-09-19 12:06:34,125.77,GRADUAL,61.2,45.6,61.6,4,1
2026-09-19T12:06:35+00:00,2026-09-19 12:06:35,126.65,GRADUAL,62.8,46.3,62.6,4,1
2026-09-19T12:06:36+00:00,2026-09-19 12:06:36,123.51,GRADUAL,61.3,48.8,65.9,4,1
2026-09-19T12:06:37+00:00,2026-09-19 12:06:37,123.13,GRADUAL,61.7,49.5,66.8,4,1
2026-09-19T12:06:38+00:00,2026-09-19 12:06:38,126.39,GRADUAL,63.9,49.4,66.7,4,1
2026-09-19T12:06:39+00:00,2026-09-19 12:06:39,126.61,GRADUAL,65.3,50.4,68.1,4,1
2026-09-19T12:06:40+00:00,2026-09-19 12:06:40,121.66,GRADUAL,61.3,52.9,71.4,4,1
2026-09-19T12:06:41+00:00,2026-09-19 12:06:41,121.91,GRADUAL,62.8,50.0,67.4,4,1
2026-09-19T12:06:42+00:00,2026-09-19 12:06:42,121.11,GRADUAL,58.6,51.1,69.0,4,1
2026-09-19T12:06:43+00:00,2026-09-19 12:06:43,122.15,GRADUAL,58.0,43.0,58.1,4,1
2026-09-19T12:06:44+00:00,2026-09-19 12:06:44,119.67,GRADUAL,60.3,48.5,65.4,4,0
2026-09-19T12:06:45+00:00,2026-09-19 12:06:45,122.02,GRADUAL,61.1,46.4,62.6,4,1
2026-09-19T12:06:46+00:00,2026-09-19 12:06:46,122.08,GRADUAL,58.4,48.5,65.5,4,1
2026-09-19T12:06:47+00:00,2026-09-19 12:06:47,121.04,GRADUAL,63.5,46.4,62.6,4,1
2026-09-19T12:06:48+00:00,2026-09-19 12:06:48,119.98,GRADUAL,61.9,46.2,62.4,4,0
2026-09-19T12:06:49+00:00,2026-09-19 12:06:49,115.98,GRADUAL,56.3,48.3,65.2,4,0
2026-09-19T12:06:50+00:00,2026-09-19 12:06:50,117.39,GRADUAL,58.8,47.1,63.6,4,0
2026-09-19T12:06:51+00:00,2026-09-19 12:06:51,118.97,GRADUAL,58.7,45.3,61.1,4,0
2026-09-19T12:06:52+00:00,2026-09-19 12:06:52,116.6,GRADUAL,56.9,46.8,63.2,4,0
2026-09-19T12:06:53+00:00,2026-09-19 12:06:53,118.66,GRADUAL,61.8,47.6,64.2,4,0
2026-09-19T12:06:54+00:00,2026-09-19 12:06:54,114.38,GRADUAL,59.6,44.7,60.3,4,0
2026-09-19T12:06:55+00:00,2026-09-19 12:06:55,113.5,GRADUAL,56.1,50.7,68.5,4,0
2026-09-19T12:06:56+00:00,2026-09-19 12:06:56,113.18,GRADUAL,55.4,49.9,67.3,4,0
2026-09-19T12:06:57+00:00,2026-09-19 12:06:57,113.88,GRADUAL,56.1,47.3,63.9,4,0
2026-09-19T12:06:58+00:00,2026-09-19 12:06:58,113.65,GRADUAL,56.6,46.5,62.8,4,0
2026-09-19T12:06:59+00:00,2026-09-19 12:06:59,111.35,GRADUAL,54.3,44.1,59.5,4,0
2026-09-19T12:07:00+00:00,2026-09-19 12:07:00,115.02,GRADUAL,57.1,48.6,65.6,4,0
2026-09-19T12:07:01+00:00,2026-09-19 12:07:01,111.22,GRADUAL,54.9,48.7,65.8,4,0
2026-09-19T12:07:02+00:00,2026-09-19 12:07:02,111.0,GRADUAL,56.9,42.2,57.0,4,0
2026-09-19T12:07:03+00:00,2026-09-19 12:07:03,110.84,GRADUAL,54.7,50.0,67.6,4,0
2026-09-19T12:07:04+00:00,2026-09-19 12:07:04,109.84,GRADUAL,57.4,48.4,65.4,4,0
2026-09-19T12:07:05+00:00,2026-09-19 12:07:05,110.61,GRADUAL,56.1,51.3,69.2,4,0
2026-09-19T12:07:06+00:00,2026-09-19 12:07:06,107.6,GRADUAL,54.0,45.2,61.1,4,0
2026-09-19T12:07:07+00:00,2026-09-19 12:07:07,108.4,GRADUAL,55.2,53.4,72.0,4,0
2026-09-19T12:07:08+00:00,2026-09-19 12:07:08,107.15,GRADUAL,52.2,53.8,72.6,4,0
2026-09-19T12:07:09+00:00,2026-09-19 12:07:09,107.52,GRADUAL,53.4,43.6,58.9,4,0
2026-09-19T12:07:10+00:00,2026-09-19 12:07:10,104.83,GRADUAL,50.8,46.5,62.8,4,0
2026-09-19T12:07:11+00:00,2026-09-19 12:07:11,106.06,GRADUAL,53.9,45.4,61.3,4,0
2026-09-19T12:07:12+00:00,2026-09-19 12:07:12,105.4,GRADUAL,53.1,49.4,66.7,4,0
2026-09-19T12:07:13+00:00,2026-09-19 12:07:13,104.99,GRADUAL,50.2,45.3,61.2,4,0
2026-09-19T12:07:14+00:00,2026-09-19 12:07:14,103.09,GRADUAL,50.6,44.0,59.3,4,0
2026-09-19T12:07:15+00:00,2026-09-19 12:07:15,103.22,GRADUAL,52.7,46.5,62.7,4,0
2026-09-19T12:07:16+00:00,2026-09-19 12:07:16,102.96,GRADUAL,51.2,46.6,62.9,4,0
2026-09-19T12:07:17+00:00,2026-09-19 12:07:17,103.55,GRADUAL,51.5,50.0,67.6,4,0
2026-09-19T12:07:18+00:00,2026-09-19 12:07:18,104.03,GRADUAL,52.5,44.6,60.2,4,0
2026-09-19T12:07:19+00:00,2026-09-19 12:07:19,101.11,GRADUAL,51.0,47.7,64.5,4,0
2026-09-19T12:07:20+00:00,2026-09-19 12:07:20,101.65,GRADUAL,52.2,50.1,67.7,4,0
2026-09-19T12:07:21+00:00,2026-09-19 12:07:21,102.08,GRADUAL,51.5,47.3,63.9,4,0
2026-09-19T12:07:22+00:00,2026-09-19 12:07:22,98.68,GRADUAL,48.7,47.6,64.3,4,0
2026-09-19T12:07:23+00:00,2026-09-19 12:07:23,100.77,GRADUAL,52.3,42.7,57.7,4,0
2026-09-19T12:07:24+00:00,2026-09-19 12:07:24,100.53,GRADUAL,50.9,47.2,63.8,4,0
2026-09-19T12:07:25+00:00,2026-09-19 12:07:25,100.13,GRADUAL,49.1,48.6,65.7,4,0
2026-09-19T12:07:26+00:00,2026-09-19 12:07:26,98.08,GRADUAL,51.7,51.7,69.8,4,0
2026-09-19T12:07:27+00:00,2026-09-19 12:07:27,93.58,GRADUAL,47.2,45.1,60.9,3,0
2026-09-19T12:07:28+00:00,2026-09-19 12:07:28,97.37,GRADUAL,49.7,47.7,64.4,4,0
2026-09-19T12:07:29+00:00,2026-09-19 12:07:29,96.79,GRADUAL,45.8,47.2,63.7,4,0
2026-09-19T12:07:30+00:00,2026-09-19 12:07:30,96.01,GRADUAL,48.0,49.3,66.6,4,0
2026-09-19T12:07:31+00:00,2026-09-19 12:07:31,95.32,GRADUAL,47.3,51.3,69.3,3,0
2026-09-19T12:07:32+00:00,2026-09-19 12:07:32,96.42,GRADUAL,47.6,46.0,62.1,4,0
2026-09-19T12:07:33+00:00,2026-09-19 12:07:33,92.7,GRADUAL,47.2,47.0,63.5,3,0
2026-09-19T12:07:34+00:00,2026-09-19 12:07:34,90.36,GRADUAL,46.0,44.0,59.4,3,0
2026-09-19T12:07:35+00:00,2026-09-19 12:07:35,92.1,GRADUAL,46.9,50.3,67.9,3,0
2026-09-19T12:07:36+00:00,2026-09-19 12:07:36,94.23,GRADUAL,46.8,48.3,65.1,3,0
2026-09-19T12:07:37+00:00,2026-09-19 12:07:37,91.51,GRADUAL,45.7,49.1,66.3,3,0
2026-09-19T12:07:38+00:00,2026-09-19 12:07:38,91.43,GRADUAL,46.3,46.6,62.8,3,0
2026-09-19T12:07:39+00:00,2026-09-19 12:07:39,94.52,GRADUAL,47.0,48.7,65.8,3,0
2026-09-19T12:07:40+00:00,2026-09-19 12:07:40,90.74,GRADUAL,48.9,49.0,66.1,3,0
2026-09-19T12:07:41+00:00,2026-09-19 12:07:41,86.83,GRADUAL,44.8,39.7,53.6,3,0
2026-09-19T12:07:42+00:00,2026-09-19 12:07:42,90.55,GRADUAL,43.7,44.0,59.4,3,0
2026-09-19T12:07:43+00:00,2026-09-19 12:07:43,84.88,GRADUAL,44.0,44.6,60.3,3,0
2026-09-19T12:07:44+00:00,2026-09-19 12:07:44,87.66,GRADUAL,46.1,47.0,63.5,3,0
2026-09-19T12:07:45+00:00,2026-09-19 12:07:45,89.77,GRADUAL,45.7,47.4,63.9,3,0
2026-09-19T12:07:46+00:00,2026-09-19 12:07:46,88.24,GRADUAL,47.2,45.6,61.6,3,0
2026-09-19T12:07:47+00:00,2026-09-19 12:07:47,87.75,GRADUAL,46.5,49.9,67.3,3,0
2026-09-19T12:07:48+00:00,2026-09-19 12:07:48,85.35,GRADUAL,42.5,53.4,72.1,3,0
2026-09-19T12:07:49+00:00,2026-09-19 12:07:49,84.4,GRADUAL,43.9,48.5,65.4,3,0
2026-09-19T12:07:50+00:00,2026-09-19 12:07:50,86.65,GRADUAL,42.6,52.9,71.4,3,0
2026-09-19T12:07:51+00:00,2026-09-19 12:07:51,85.37,GRADUAL,43.3,46.7,63.0,3,0
2026-09-19T12:07:52+00:00,2026-09-19 12:07:52,85.39,GRADUAL,44.7,48.2,65.0,3,0
2026-09-19T12:07:53+00:00,2026-09-19 12:07:53,84.21,GRADUAL,44.3,45.4,61.3,3,0
2026-09-19T12:07:54+00:00,2026-09-19 12:07:54,81.94,GRADUAL,40.9,50.4,68.0,3,0
2026-09-19T12:07:55+00:00,2026-09-19 12:07:55,84.33,GRADUAL,40.8,51.2,69.1,3,0
2026-09-19T12:07:56+00:00,2026-09-19 12:07:56,83.7,GRADUAL,41.9,50.0,67.4,3,0
2026-09-19T12:07:57+00:00,2026-09-19 12:07:57,80.14,GRADUAL,42.2,50.0,67.5,3,0
2026-09-19T12:07:58+00:00,2026-09-19 12:07:58,81.39,GRADUAL,41.7,44.9,60.7,3,0
2026-09-19T12:07:59+00:00,2026-09-19 12:07:59,79.32,GRADUAL,40.2,45.2,61.1,3,0
2026-09-19T12:08:00+00:00,2026-09-19 12:08:00,79.01,GRADUAL,41.1,49.4,66.7,3,0
2026-09-19T12:08:01+00:00,2026-09-19 12:08:01,76.25,GRADUAL,39.0,48.2,65.1,3,0
2026-09-19T12:08:02+00:00,2026-09-19 12:08:02,76.78,GRADUAL,37.0,45.4,61.3,3,0
2026-09-19T12:08:03+00:00,2026-09-19 12:08:03,79.13,GRADUAL,39.4,48.9,66.0,3,0
2026-09-19T12:08:04+00:00,2026-09-19 12:08:04,76.76,GRADUAL,39.1,53.6,72.3,3,0
2026-09-19T12:08:05+00:00,2026-09-19 12:08:05,75.19,GRADUAL,38.3,49.0,66.1,3,0
2026-09-19T12:08:06+00:00,2026-09-19 12:08:06,77.26,GRADUAL,38.8,51.0,68.9,3,0
2026-09-19T12:08:07+00:00,2026-09-19 12:08:07,77.72,GRADUAL,41.2,45.7,61.7,3,0
2026-09-19T12:08:08+00:00,2026-09-19 12:08:08,76.32,GRADUAL,37.3,49.0,66.1,3,0
2026-09-19T12:08:09+00:00,2026-09-19 12:08:09,74.22,GRADUAL,37.7,48.8,65.8,3,0
2026-09-19T12:08:10+00:00,2026-09-19 12:08:10,76.73,GRADUAL,38.5,48.9,66.0,3,0
2026-09-19T12:08:11+00:00,2026-09-19 12:08:11,73.6,GRADUAL,35.8,50.4,68.0,3,0
2026-09-19T12:08:12+00:00,2026-09-19 12:08:12,75.01,GRADUAL,37.2,51.0,68.8,3,0
2026-09-19T12:08:13+00:00,2026-09-19 12:08:13,71.67,GRADUAL,34.3,49.5,66.8,3,0
2026-09-19T12:08:14+00:00,2026-09-19 12:08:14,71.66,GRADUAL,35.4,45.4,61.3,3,0
2026-09-19T12:08:15+00:00,2026-09-19 12:08:15,69.32,GRADUAL,33.3,46.5,62.8,3,0
2026-09-19T12:08:16+00:00,2026-09-19 12:08:16,71.93,GRADUAL,35.7,47.6,64.3,3,0
2026-09-19T12:08:17+00:00,2026-09-19 12:08:17,66.61,GRADUAL,34.3,51.2,69.1,3,0
2026-09-19T12:08:18+00:00,2026-09-19 12:08:18,69.69,GRADUAL,33.4,47.1,63.5,3,0
2026-09-19T12:08:19+00:00,2026-09-19 12:08:19,71.72,GRADUAL,37.4,46.5,62.8,3,0
2026-09-19T12:08:20+00:00,2026-09-19 12:08:20,71.43,GRADUAL,37.2,43.2,58.3,3,0
2026-09-19T12:08:21+00:00,2026-09-19 12:08:21,68.66,GRADUAL,36.4,44.3,59.7,3,0
2026-09-19T12:08:22+00:00,2026-09-19 12:08:22,67.79,GRADUAL,33.5,51.6,69.6,3,0
2026-09-19T12:08:23+00:00,2026-09-19 12:08:23,67.7,GRADUAL,31.9,41.0,55.4,3,0
2026-09-19T12:08:24+00:00,2026-09-19 12:08:24,68.82,GRADUAL,32.8,48.1,65.0,3,0
2026-09-19T12:08:25+00:00,2026-09-19 12:08:25,65.58,GRADUAL,31.1,43.8,59.1,3,0
2026-09-19T12:08:26+00:00,2026-09-19 12:08:26,65.45,GRADUAL,30.4,51.5,69.5,3,0
2026-09-19T12:08:27+00:00,2026-09-19 12:08:27,65.15,GRADUAL,31.0,43.8,59.1,3,0
2026-09-19T12:08:28+00:00,2026-09-19 12:08:28,66.13,GRADUAL,35.2,45.2,61.1,3,0
2026-09-19T12:08:29+00:00,2026-09-19 12:08:29,64.62,GRADUAL,33.6,44.7,60.4,3,0
2026-09-19T12:08:30+00:00,2026-09-19 12:08:30,64.02,GRADUAL,30.0,48.0,64.8,3,0
2026-09-19T12:08:31+00:00,2026-09-19 12:08:31,63.25,GRADUAL,34.7,51.0,68.8,2,0
2026-09-19T12:08:32+00:00,2026-09-19 12:08:32,63.39,GRADUAL,34.2,47.4,64.0,2,0
2026-09-19T12:08:33+00:00,2026-09-19 12:08:33,61.05,GRADUAL,32.3,47.1,63.5,2,0
2026-09-19T12:08:34+00:00,2026-09-19 12:08:34,63.49,GRADUAL,29.9,48.1,64.9,2,0
2026-09-19T12:08:35+00:00,2026-09-19 12:08:35,61.52,GRADUAL,28.2,47.2,63.7,2,0
2026-09-19T12:08:36+00:00,2026-09-19 12:08:36,58.2,GRADUAL,30.5,45.2,61.1,2,0
2026-09-19T12:08:37+00:00,2026-09-19 12:08:37,60.68,GRADUAL,30.6,47.7,64.4,2,0
2026-09-19T12:08:38+00:00,2026-09-19 12:08:38,58.29,GRADUAL,29.1,46.4,62.7,2,0
2026-09-19T12:08:39+00:00,2026-09-19 12:08:39,60.21,GRADUAL,31.2,45.2,61.1,2,0
2026-09-19T12:08:40+00:00,2026-09-19 12:08:40,59.51,GRADUAL,27.9,52.7,71.2,2,0
2026-09-19T12:08:41+00:00,2026-09-19 12:08:41,57.6,GRADUAL,31.8,46.5,62.8,2,0
2026-09-19T12:08:42+00:00,2026-09-19 12:08:42,56.08,GRADUAL,27.1,44.2,59.7,2,0
2026-09-19T12:08:43+00:00,2026-09-19 12:08:43,55.29,GRADUAL,24.6,49.5,66.8,2,0
2026-09-19T12:08:44+00:00,2026-09-19 12:08:44,53.76,GRADUAL,25.7,46.3,62.5,2,0
2026-09-19T12:08:45+00:00,2026-09-19 12:08:45,53.39,GRADUAL,28.5,47.3,63.9,2,0
2026-09-19T12:08:46+00:00,2026-09-19 12:08:46,53.68,GRADUAL,25.3,47.8,64.6,2,0
2026-09-19T12:08:47+00:00,2026-09-19 12:08:47,55.87,GRADUAL,27.7,47.6,64.2,2,0
2026-09-19T12:08:48+00:00,2026-09-19 12:08:48,52.36,GRADUAL,24.2,48.7,65.8,2,0
2026-09-19T12:08:49+00:00,2026-09-19 12:08:49,49.87,GRADUAL,26.6,49.6,67.0,2,0
2026-09-19T12:08:50+00:00,2026-09-19 12:08:50,51.34,GRADUAL,24.9,49.2,66.5,2,0
2026-09-19T12:08:51+00:00,2026-09-19 12:08:51,51.95,GRADUAL,25.8,49.0,66.2,2,0
2026-09-19T12:08:52+00:00,2026-09-19 12:08:52,53.7,GRADUAL,25.8,45.0,60.7,2,0
2026-09-19T12:08:53+00:00,2026-09-19 12:08:53,54.47,GRADUAL,26.7,45.4,61.2,2,0
2026-09-19T12:08:54+00:00,2026-09-19 12:08:54,50.81,GRADUAL,24.7,49.2,66.4,2,0
2026-09-19T12:08:55+00:00,2026-09-19 12:08:55,52.15,GRADUAL,27.5,46.7,63.1,2,0
2026-09-19T12:08:56+00:00,2026-09-19 12:08:56,54.07,GRADUAL,26.8,43.4,58.6,2,0
2026-09-19T12:08:57+00:00,2026-09-19 12:08:57,50.48,GRADUAL,23.4,49.9,67.4,2,0
2026-09-19T12:08:58+00:00,2026-09-19 12:08:58,50.65,GRADUAL,23.3,49.6,67.0,2,0
2026-09-19T12:08:59+00:00,2026-09-19 12:08:59,47.53,GRADUAL,24.2,48.2,65.1,2,0
2026-09-19T12:09:00+00:00,2026-09-19 12:09:00,47.07,GRADUAL,23.1,45.6,61.6,2,0
2026-09-19T12:09:01+00:00,2026-09-19 12:09:01,48.35,GRADUAL,24.3,46.5,62.8,2,0
2026-09-19T12:09:02+00:00,2026-09-19 12:09:02,44.38,GRADUAL,22.6,50.2,67.8,2,0
2026-09-19T12:09:03+00:00,2026-09-19 12:09:03,47.46,GRADUAL,24.6,46.5,62.8,2,0
2026-09-19T12:09:04+00:00,2026-09-19 12:09:04,44.17,GRADUAL,23.3,45.6,61.6,2,0
2026-09-19T12:09:05+00:00,2026-09-19 12:09:05,45.08,GRADUAL,25.0,44.2,59.6,2,0
2026-09-19T12:09:06+00:00,2026-09-19 12:09:06,43.67,GRADUAL,24.9,50.6,68.3,2,0
2026-09-19T12:09:07+00:00,2026-09-19 12:09:07,42.1,GRADUAL,20.0,49.9,67.4,2,0
2026-09-19T12:09:08+00:00,2026-09-19 12:09:08,43.85,GRADUAL,21.3,47.3,63.9,2,0
2026-09-19T12:09:09+00:00,2026-09-19 12:09:09,42.95,GRADUAL,22.7,47.4,64.0,2,0
2026-09-19T12:09:10+00:00,2026-09-19 12:09:10,42.19,GRADUAL,20.0,47.7,64.5,2,0
2026-09-19T12:09:11+00:00,2026-09-19 12:09:11,42.61,GRADUAL,22.4,48.3,65.1,2,0
2026-09-19T12:09:12+00:00,2026-09-19 12:09:12,38.9,GRADUAL,21.3,48.4,65.4,2,0
2026-09-19T12:09:13+00:00,2026-09-19 12:09:13,39.81,GRADUAL,20.0,49.0,66.1,2,0
2026-09-19T12:09:14+00:00,2026-09-19 12:09:14,38.79,GRADUAL,20.0,46.6,62.9,2,0
2026-09-19T12:09:15+00:00,2026-09-19 12:09:15,39.19,GRADUAL,21.0,48.5,65.4,2,0
2026-09-19T12:09:16+00:00,2026-09-19 12:09:16,38.7,GRADUAL,20.0,50.4,68.0,2,0
2026-09-19T12:09:17+00:00,2026-09-19 12:09:17,36.81,GRADUAL,21.2,48.8,65.9,2,0
2026-09-19T12:09:18+00:00,2026-09-19 12:09:18,38.81,GRADUAL,20.6,52.6,71.0,2,0
2026-09-19T12:09:19+00:00,2026-09-19 12:09:19,37.62,GRADUAL,20.3,48.9,66.1,2,0
2026-09-19T12:09:20+00:00,2026-09-19 12:09:20,36.26,GRADUAL,20.0,48.3,65.2,2,0
2026-09-19T12:09:21+00:00,2026-09-19 12:09:21,35.59,GRADUAL,20.2,45.6,61.6,2,0
2026-09-19T12:09:22+00:00,2026-09-19 12:09:22,36.77,GRADUAL,20.0,47.7,64.4,2,0
2026-09-19T12:09:23+00:00,2026-09-19 12:09:23,35.86,GRADUAL,20.0,46.0,62.0,2,0
2026-09-19T12:09:24+00:00,2026-09-19 12:09:24,33.04,GRADUAL,20.0,49.2,66.4,2,0
2026-09-19T12:09:25+00:00,2026-09-19 12:09:25,32.75,GRADUAL,20.0,51.1,69.0,2,0
2026-09-19T12:09:26+00:00,2026-09-19 12:09:26,33.33,GRADUAL,20.0,48.7,65.8,2,0
2026-09-19T12:09:27+00:00,2026-09-19 12:09:27,31.95,GRADUAL,20.0,47.2,63.7,1,0
2026-09-19T12:09:28+00:00,2026-09-19 12:09:28,30.35,GRADUAL,20.0,46.4,62.7,1,0
2026-09-19T12:09:29+00:00,2026-09-19 12:09:29,33.51,GRADUAL,20.0,48.6,65.6,2,0
2026-09-19T12:09:30+00:00,2026-09-19 12:09:30,32.17,GRADUAL,20.0,50.6,68.4,2,0
2026-09-19T12:09:31+00:00,2026-09-19 12:09:31,30.62,GRADUAL,20.0,48.8,65.9,1,0
2026-09-19T12:09:32+00:00,2026-09-19 12:09:32,30.31,GRADUAL,20.0,47.6,64.3,1,0
2026-09-19T12:09:33+00:00,2026-09-19 12:09:33,30.75,GRADUAL,20.0,49.9,67.3,1,0
2026-09-19T12:09:34+00:00,2026-09-19 12:09:34,31.16,GRADUAL,20.0,50.7,68.4,1,0
2026-09-19T12:09:35+00:00,2026-09-19 12:09:35,30.6,GRADUAL,20.0,47.8,64.6,1,0
2026-09-19T12:09:36+00:00,2026-09-19 12:09:36,31.63,GRADUAL,20.0,45.1,60.9,1,0
2026-09-19T12:09:37+00:00,2026-09-19 12:09:37,26.27,GRADUAL,20.0,47.9,64.7,1,0
2026-09-19T12:09:38+00:00,2026-09-19 12:09:38,27.79,GRADUAL,20.0,50.9,68.7,1,0
2026-09-19T12:09:39+00:00,2026-09-19 12:09:39,27.32,GRADUAL,20.0,52.5,70.9,1,0
2026-09-19T12:09:40+00:00,2026-09-19 12:09:40,24.65,GRADUAL,20.0,48.3,65.2,1,0
2026-09-19T12:09:41+00:00,2026-09-19 12:09:41,26.14,GRADUAL,20.0,47.2,63.8,1,0
2026-09-19T12:09:42+00:00,2026-09-19 12:09:42,23.14,GRADUAL,20.0,49.5,66.8,1,0
2026-09-19T12:09:43+00:00,2026-09-19 12:09:43,21.93,GRADUAL,20.0,48.0,64.8,1,0
2026-09-19T12:09:44+00:00,2026-09-19 12:09:44,23.46,GRADUAL,20.0,48.6,65.6,1,0
2026-09-19T12:09:45+00:00,2026-09-19 12:09:45,22.7,GRADUAL,20.0,50.0,67.4,1,0
2026-09-19T12:09:46+00:00,2026-09-19 12:09:46,20.5,GRADUAL,20.0,51.6,69.7,1,0
2026-09-19T12:09:47+00:00,2026-09-19 12:09:47,22.61,GRADUAL,20.0,48.2,65.0,1,0
2026-09-19T12:09:48+00:00,2026-09-19 12:09:48,22.46,GRADUAL,20.0,48.0,64.8,1,0
2026-09-19T12:09:49+00:00,2026-09-19 12:09:49,24.49,GRADUAL,20.0,46.2,62.4,1,0
2026-09-19T12:09:50+00:00,2026-09-19 12:09:50,21.59,GRADUAL,20.0,46.8,63.1,1,0
2026-09-19T12:09:51+00:00,2026-09-19 12:09:51,20.99,GRADUAL,20.0,46.0,62.1,1,0
2026-09-19T12:09:52+00:00,2026-09-19 12:09:52,18.6,GRADUAL,20.0,48.5,65.4,1,0
2026-09-19T12:09:53+00:00,2026-09-19 12:09:53,20.62,GRADUAL,20.0,45.2,61.1,1,0
2026-09-19T12:09:54+00:00,2026-09-19 12:09:54,17.34,GRADUAL,20.0,48.5,65.5,1,0
2026-09-19T12:09:55+00:00,2026-09-19 12:09:55,16.41,GRADUAL,20.0,49.1,66.3,1,0
2026-09-19T12:09:56+00:00,2026-09-19 12:09:56,17.17,GRADUAL,20.0,51.5,69.5,1,0
2026-09-19T12:09:57+00:00,2026-09-19 12:09:57,15.42,GRADUAL,20.0,48.8,65.8,1,0
2026-09-19T12:09:58+00:00,2026-09-19 12:09:58,16.21,GRADUAL,20.0,47.4,64.0,1,0
2026-09-19T12:09:59+00:00,2026-09-19 12:09:59,17.75,GRADUAL,20.0,46.2,62.4,1,0
